"name","notch","supername","package","side"
"EntityEnderCrystal","sf","Entity","net/minecraft/src","0"
"RecipesArmor","xx","","net/minecraft/src","0"
"BiomeGenHills","az","BiomeGenBase","net/minecraft/src","0"
"ComponentVillage","xf","StructureComponent","net/minecraft/src","0"
"ModelSheep1","od","ModelQuadruped","net/minecraft/src","0"
"Packet1Login","aj","Packet","net/minecraft/src","0"
"GuiDownloadTerrain","acd","GuiScreen","net/minecraft/src","0"
"StatTypeTime","i","","net/minecraft/src","0"
"IProgressUpdate","rz","","net/minecraft/src","0"
"EntityDragonBase","adh","EntityLiving","net/minecraft/src","0"
"InventoryCraftResult","iy","","net/minecraft/src","0"
"SaveOldDir","ar","SaveHandler","net/minecraft/src","0"
"ItemHoe","wr","Item","net/minecraft/src","0"
"EntityFX","wc","Entity","net/minecraft/src","0"
"Packet54PlayNoteBlock","agm","Packet","net/minecraft/src","0"
"BlockNetherrack","et","Block","net/minecraft/src","0"
"IBlockAccess","kq","","net/minecraft/src","0"
"RenderManager","wb","","net/minecraft/src","0"
"EntityEnderman","aii","EntityMob","net/minecraft/src","0"
"EntityAuraFX","cn","EntityFX","net/minecraft/src","0"
"BlockRedstoneRepeater","mz","Block","net/minecraft/src","0"
"ModelMinecart","iv","ModelBase","net/minecraft/src","0"
"RenderDragon","ado","RenderLiving","net/minecraft/src","0"
"Packet2Handshake","hh","Packet","net/minecraft/src","0"
"PlayerControllerCreative","uq","PlayerController","net/minecraft/src","0"
"RenderGlobal","afv","","net/minecraft/src","0"
"J_JsonArrayNodeBuilder","ft","","net/minecraft/src","0"
"ItemRecord","pe","Item","net/minecraft/src","0"
"WorldGenFlowers","bu","WorldGenerator","net/minecraft/src","0"
"BlockTallGrass","kv","BlockFlower","net/minecraft/src","0"
"ComponentStrongholdCrossing","kt","ComponentStronghold","net/minecraft/src","0"
"ModelBoat","ua","ModelBase","net/minecraft/src","0"
"ModelChest","xl","ModelBase","net/minecraft/src","0"
"ThreadedFileIOBase","ll","","net/minecraft/src","0"
"EntityFlying","wk","EntityLiving","net/minecraft/src","0"
"EnumCreatureAttribute","el","","net/minecraft/src","0"
"EffectRenderer","f","","net/minecraft/src","0"
"RegionFileChunkBuffer","ahg","","net/minecraft/src","0"
"SoundPool","cf","","net/minecraft/src","0"
"GuiSlotStatsBlock","hz","GuiSlotStats","net/minecraft/src","0"
"NetworkReaderThread","pa","","net/minecraft/src","0"
"GuiConflictWarning","ach","GuiScreen","net/minecraft/src","0"
"MaterialPortal","bk","Material","net/minecraft/src","0"
"Packet106Transaction","ly","Packet","net/minecraft/src","0"
"MovingObjectPosition","gv","","net/minecraft/src","0"
"EntitySpellParticleFX","sq","EntityFX","net/minecraft/src","0"
"BlockTNT","abm","Block","net/minecraft/src","0"
"Material","p","","net/minecraft/src","0"
"ComponentNetherBridgeStraight","ac","ComponentNetherBridgePiece","net/minecraft/src","0"
"BlockStationary","add","BlockFluid","net/minecraft/src","0"
"ChunkPosition","am","","net/minecraft/src","0"
"BlockLeavesBase","zt","Block","net/minecraft/src","0"
"NextTickListEntry","ahn","","net/minecraft/src","0"
"J_SajParser","oi","","net/minecraft/src","0"
"InventoryCrafting","lm","","net/minecraft/src","0"
"ComponentStrongholdRightTurn","xg","ComponentStrongholdLeftTurn","net/minecraft/src","0"
"EntityPigZombie","jm","EntityZombie","net/minecraft/src","0"
"Facing","ot","","net/minecraft/src","0"
"Gui","ht","","net/minecraft/src","0"
"GenLayerSnow","hv","GenLayer","net/minecraft/src","0"
"EntityFootStepFX","nb","EntityFX","net/minecraft/src","0"
"FontRenderer","abe","","net/minecraft/src","0"
"GuiSlider","zd","GuiButton","net/minecraft/src","0"
"RenderItem","iw","Render","net/minecraft/src","0"
"ItemStack","dk","","net/minecraft/src","0"
"ItemPotion","abk","Item","net/minecraft/src","0"
"Packet31RelEntityMove","y","Packet30Entity","net/minecraft/src","0"
"RenderGiantZombie","ahi","RenderLiving","net/minecraft/src","0"
"SaveFormatOld","w","","net/minecraft/src","0"
"EntityClientPlayerMP","cx","EntityPlayerSP","net/minecraft/src","0"
"MaterialWeb","tx","Material","net/minecraft/src","0"
"EntityPortalFX","afy","EntityFX","net/minecraft/src","0"
"BlockFence","nz","Block","net/minecraft/src","0"
"KeyBinding","aby","","net/minecraft/src","0"
"MapGenStructure","hl","MapGenBase","net/minecraft/src","0"
"BlockLeaves","qo","BlockLeavesBase","net/minecraft/src","0"
"BlockNote","yq","BlockContainer","net/minecraft/src","0"
"BlockLockedChest","vj","Block","net/minecraft/src","0"
"BiomeGenDesert","ada","BiomeGenBase","net/minecraft/src","0"
"StructureVillagePieceWeight","aan","","net/minecraft/src","0"
"EnchantmentDigging","kr","Enchantment","net/minecraft/src","0"
"StatsSyncher","jq","","net/minecraft/src","0"
"EnumDoorHelper","aay","","net/minecraft/src","0"
"EntityFallingSand","uo","Entity","net/minecraft/src","0"
"ChunkFilePattern","rm","","net/minecraft/src","0"
"J_LeafFunctor","yz","","net/minecraft/src","0"
"ItemEnderEye","aag","Item","net/minecraft/src","0"
"ModelEnderman","ta","ModelBiped","net/minecraft/src","0"
"Packet28EntityVelocity","qm","Packet","net/minecraft/src","0"
"ComponentVillagePathGen","ahz","ComponentVillageRoadPiece","net/minecraft/src","0"
"MapGenStronghold","dc","MapGenStructure","net/minecraft/src","0"
"J_JsonTrueNodeBuilder","by","","net/minecraft/src","0"
"WorldGenDeadBush","mb","WorldGenerator","net/minecraft/src","0"
"ISaveHandler","nh","","net/minecraft/src","0"
"BlockFenceGate","fp","Block","net/minecraft/src","0"
"Packet130UpdateSign","hy","Packet","net/minecraft/src","0"
"RenderSlime","xm","RenderLiving","net/minecraft/src","0"
"WorldProviderEnd","ol","WorldProvider","net/minecraft/src","0"
"RenderArrow","ahs","Render","net/minecraft/src","0"
"ComponentNetherBridgeCrossing3","bw","ComponentNetherBridgePiece","net/minecraft/src","0"
"ItemPainting","ve","Item","net/minecraft/src","0"
"CodecMus","vo","","net/minecraft/src","0"
"GuiChest","gj","GuiContainer","net/minecraft/src","0"
"MinecraftError","adj","","net/minecraft/src","0"
"EnchantmentKnockback","dz","Enchantment","net/minecraft/src","0"
"WorldGenDungeons","acj","WorldGenerator","net/minecraft/src","0"
"ItemRenderer","n","","net/minecraft/src","0"
"WorldGenSand","fc","WorldGenerator","net/minecraft/src","0"
"SoundPoolEntry","lr","","net/minecraft/src","0"
"RenderLiving","acq","Render","net/minecraft/src","0"
"BlockCactus","ow","Block","net/minecraft/src","0"
"PacketCount","lg","","net/minecraft/src","0"
"EntityPlayer","vi","EntityLiving","net/minecraft/src","0"
"ItemColored","hf","ItemBlock","net/minecraft/src","0"
"BiomeGenBase","sr","","net/minecraft/src","0"
"MaterialLiquid","sn","Material","net/minecraft/src","0"
"SaveConverterMcRegion","adg","SaveFormatOld","net/minecraft/src","0"
"PlayerControllerSP","dm","PlayerController","net/minecraft/src","0"
"Packet12PlayerLook","aht","Packet10Flying","net/minecraft/src","0"
"ThreadCloseConnection","po","","net/minecraft/src","0"
"ContainerEnchantment","ahk","Container","net/minecraft/src","0"
"LoadingScreenRenderer","xw","","net/minecraft/src","0"
"Packet6SpawnPosition","aee","Packet","net/minecraft/src","0"
"BlockBreakable","aaf","Block","net/minecraft/src","0"
"TextureWaterFlowFX","va","TextureFX","net/minecraft/src","0"
"BiomeGenSnow","ce","BiomeGenBase","net/minecraft/src","0"
"IChunkProvider","ej","","net/minecraft/src","0"
"EntityCloudFX","kz","EntityFX","net/minecraft/src","0"
"TileEntityEndPortal","yg","TileEntity","net/minecraft/src","0"
"EntityXPOrb","fk","Entity","net/minecraft/src","0"
"ComponentStrongholdPortalRoom","ir","ComponentStronghold","net/minecraft/src","0"
"StructureBoundingBox","nl","","net/minecraft/src","0"
"BlockMushroom","js","BlockFlower","net/minecraft/src","0"
"PathFinder","rw","","net/minecraft/src","0"
"EntityDragon","oo","EntityDragonBase","net/minecraft/src","0"
"ThreadCheckHasPaid","hr","","net/minecraft/src","0"
"WorldGenLakes","qv","WorldGenerator","net/minecraft/src","0"
"LongHashMapEntry","ahc","","net/minecraft/src","0"
"WorldRenderer","ge","","net/minecraft/src","0"
"WorldGenLiquids","ib","WorldGenerator","net/minecraft/src","0"
"BlockObsidian","ain","BlockStone","net/minecraft/src","0"
"ThreadStatSyncherReceive","uf","","net/minecraft/src","0"
"SoundManager","ahm","","net/minecraft/src","0"
"RenderPig","yf","RenderLiving","net/minecraft/src","0"
"EntitySuspendFX","jd","EntityFX","net/minecraft/src","0"
"J_JsonStringNodeBuilder","h","","net/minecraft/src","0"
"RenderList","aak","","net/minecraft/src","0"
"WorldGenTallGrass","ahu","WorldGenerator","net/minecraft/src","0"
"Packet13PlayerLookMove","ul","Packet10Flying","net/minecraft/src","0"
"ThreadDownloadImageData","aap","","net/minecraft/src","0"
"ModelRenderer","acf","","net/minecraft/src","0"
"GuiSleepMP","rj","GuiChat","net/minecraft/src","0"
"StructureStrongholdPieceWeight3","th","StructureStrongholdPieceWeight","net/minecraft/src","0"
"BlockIce","ahq","BlockBreakable","net/minecraft/src","0"
"TileEntityMobSpawner","ze","TileEntity","net/minecraft/src","0"
"Packet107CreativeSetSlot","dg","Packet","net/minecraft/src","0"
"RenderBlocks","acr","","net/minecraft/src","0"
"ComponentStrongholdStairs2","aeh","ComponentStrongholdStairs","net/minecraft/src","0"
"EntityWolf","aik","EntityAnimal","net/minecraft/src","0"
"ItemDoor","zg","Item","net/minecraft/src","0"
"TexturePackCustom","adw","TexturePackBase","net/minecraft/src","0"
"WorldInfo","si","","net/minecraft/src","0"
"Packet","gt","","net/minecraft/src","0"
"CanvasMojangLogo","td","","net/minecraft/src","0"
"EntitySnowball","aah","EntityThrowable","net/minecraft/src","0"
"ItemShears","abo","Item","net/minecraft/src","0"
"EntityVillager","ai","EntityCreature","net/minecraft/src","0"
"Entity","ia","","net/minecraft/src","0"
"StructureNetherBridgePieceWeight","aaz","","net/minecraft/src","0"
"IChunkLoader","d","","net/minecraft/src","0"
"GuiWinGame","lt","GuiScreen","net/minecraft/src","0"
"J_JsonNodeFactories","ahf","","net/minecraft/src","0"
"EntitySnowmanBase","aeo","EntityCreature","net/minecraft/src","0"
"SorterStatsBlock","agt","","net/minecraft/src","0"
"BlockRedstoneOre","oc","Block","net/minecraft/src","0"
"StructureMineshaftPieces","aez","","net/minecraft/src","0"
"EnchantmentUntouching","gi","Enchantment","net/minecraft/src","0"
"J_JsonNodeDoesNotMatchPathElementsException","xo","J_JsonNodeDoesNotMatchJsonNodeSelectorException","net/minecraft/src","0"
"RenderBiped","tp","RenderLiving","net/minecraft/src","0"
"ServerNBTStorage","lo","","net/minecraft/src","0"
"NBTTagDouble","fg","NBTBase","net/minecraft/src","0"
"ScreenShotHelper","abx","","net/minecraft/src","0"
"GuiControls","ee","GuiScreen","net/minecraft/src","0"
"BlockDetectorRail","ags","BlockRail","net/minecraft/src","0"
"ChatAllowedCharacters","age","","net/minecraft/src","0"
"AxisAlignedBB","c","","net/minecraft/src","0"
"WorldGenMinable","ky","WorldGenerator","net/minecraft/src","0"
"TexturedQuad","pv","","net/minecraft/src","0"
"ItemBucketMilk","om","Item","net/minecraft/src","0"
"ComponentNetherBridgeNetherStalkRoom","io","ComponentNetherBridgePiece","net/minecraft/src","0"
"GenLayerVillageLandscape","afa","GenLayer","net/minecraft/src","0"
"TileEntitySign","u","TileEntity","net/minecraft/src","0"
"ComponentStrongholdLeftTurn","hq","ComponentStronghold","net/minecraft/src","0"
"BlockStone","gm","Block","net/minecraft/src","0"
"Packet100OpenWindow","wm","Packet","net/minecraft/src","0"
"ComponentNetherBridgeStairs","bl","ComponentNetherBridgePiece","net/minecraft/src","0"
"ComponentVillageWoodHut","wi","ComponentVillage","net/minecraft/src","0"
"TileEntityChestRenderer","fv","TileEntitySpecialRenderer","net/minecraft/src","0"
"Packet23VehicleSpawn","gh","Packet","net/minecraft/src","0"
"PathPoint","mo","","net/minecraft/src","0"
"ModelGhast","mu","ModelBase","net/minecraft/src","0"
"BiomeGenEnd","gu","BiomeGenBase","net/minecraft/src","0"
"ContainerCreative","afp","Container","net/minecraft/src","0"
"EntitySlime","aed","EntityLiving","net/minecraft/src","0"
"ModelBox","ad","","net/minecraft/src","0"
"Packet102WindowClick","aa","Packet","net/minecraft/src","0"
"ItemSoup","l","ItemFood","net/minecraft/src","0"
"WorldGenSwamp","qj","WorldGenerator","net/minecraft/src","0"
"EntityEgg","qw","EntityThrowable","net/minecraft/src","0"
"RenderMinecart","pg","Render","net/minecraft/src","0"
"ModelMagmaCube","agy","ModelBase","net/minecraft/src","0"
"GuiOptions","ex","GuiScreen","net/minecraft/src","0"
"Packet43Experience","nw","Packet","net/minecraft/src","0"
"GuiSlotServer","jo","GuiSlot","net/minecraft/src","0"
"TextureLavaFlowFX","ss","TextureFX","net/minecraft/src","0"
"ColorizerFoliage","db","","net/minecraft/src","0"
"EntityBubbleFX","pq","EntityFX","net/minecraft/src","0"
"GuiContainer","mg","GuiScreen","net/minecraft/src","0"
"Packet27Position","zi","Packet","net/minecraft/src","0"
"EnumDoor","mj","","net/minecraft/src","0"
"GenLayerMushroomIsland","aas","GenLayer","net/minecraft/src","0"
"EnumOptionsMappingHelper","ka","","net/minecraft/src","0"
"MaterialTransparent","br","Material","net/minecraft/src","0"
"ISaveFormat","tq","","net/minecraft/src","0"
"GuiFurnace","aaw","GuiContainer","net/minecraft/src","0"
"ComponentMineshaftCorridor","aba","StructureComponent","net/minecraft/src","0"
"TextureWatchFX","at","TextureFX","net/minecraft/src","0"
"EntityItem","ih","Entity","net/minecraft/src","0"
"EntityPlayerSP","di","EntityPlayer","net/minecraft/src","0"
"GenLayerRiverMix","na","GenLayer","net/minecraft/src","0"
"NBTTagShort","cg","NBTBase","net/minecraft/src","0"
"EnumToolMaterial","nu","","net/minecraft/src","0"
"BlockCake","aem","Block","net/minecraft/src","0"
"ItemBoat","abv","Item","net/minecraft/src","0"
"BlockPressurePlate","wx","Block","net/minecraft/src","0"
"EntityRenderer","adt","","net/minecraft/src","0"
"ClippingHelper","ip","","net/minecraft/src","0"
"SpawnListEntry","yx","WeightedRandomChoice","net/minecraft/src","0"
"EntitySkeleton","it","EntityMob","net/minecraft/src","0"
"BlockFluid","agw","Block","net/minecraft/src","0"
"J_ThingWithPosition","if","","net/minecraft/src","0"
"EnchantmentProtection","ii","Enchantment","net/minecraft/src","0"
"PathEntity","dw","","net/minecraft/src","0"
"EntityBreakingFX","ug","EntityFX","net/minecraft/src","0"
"Render","rg","","net/minecraft/src","0"
"BlockSoulSand","mq","Block","net/minecraft/src","0"
"RenderSnowMan","bh","RenderLiving","net/minecraft/src","0"
"TileEntityPiston","agb","TileEntity","net/minecraft/src","0"
"BlockJukeBox","abl","BlockContainer","net/minecraft/src","0"
"StepSoundStone","bj","StepSound","net/minecraft/src","0"
"ItemLilyPad","pd","ItemColored","net/minecraft/src","0"
"ItemSlab","r","ItemBlock","net/minecraft/src","0"
"ModelWolf","ei","ModelBase","net/minecraft/src","0"
"GuiYesNo","go","GuiScreen","net/minecraft/src","0"
"Packet42RemoveEntityEffect","af","Packet","net/minecraft/src","0"
"ItemPiston","afi","ItemBlock","net/minecraft/src","0"
"Packet4UpdateTime","cb","Packet","net/minecraft/src","0"
"EntityFishHook","ael","Entity","net/minecraft/src","0"
"GuiAchievements","qx","GuiScreen","net/minecraft/src","0"
"EntityDamageSource","fq","DamageSource","net/minecraft/src","0"
"EnumArt","sv","","net/minecraft/src","0"
"Packet29DestroyEntity","fw","Packet","net/minecraft/src","0"
"EnumSkyBlock","bn","","net/minecraft/src","0"
"TextureFX","dt","","net/minecraft/src","0"
"CompressedStreamTools","vx","","net/minecraft/src","0"
"BiomeCacheBlock","cq","","net/minecraft/src","0"
"ThreadedChunkLoader","tn","","net/minecraft/src","0"
"EntitySpider","vq","EntityMob","net/minecraft/src","0"
"GuiSlotStats","mx","GuiSlot","net/minecraft/src","0"
"StructureVillageStart","yo","StructureStart","net/minecraft/src","0"
"EntityMinecart","vm","Entity","net/minecraft/src","0"
"ItemSnowball","re","Item","net/minecraft/src","0"
"EntityAnimal","fx","EntityCreature","net/minecraft/src","0"
"EntityPotion","ab","EntityThrowable","net/minecraft/src","0"
"IMob","aey","","net/minecraft/src","0"
"J_Functor","gz","","net/minecraft/src","0"
"ModelBiped","fa","ModelBase","net/minecraft/src","0"
"BlockDoor","uc","Block","net/minecraft/src","0"
"WatchableObject","afh","","net/minecraft/src","0"
"BlockCrops","aha","BlockFlower","net/minecraft/src","0"
"RecipesIngots","ady","","net/minecraft/src","0"
"GuiSmallButton","abs","GuiButton","net/minecraft/src","0"
"ModelDragon","afo","ModelBase","net/minecraft/src","0"
"StepSound","wu","","net/minecraft/src","0"
"ScaledResolution","ef","","net/minecraft/src","0"
"Packet7UseEntity","zm","Packet","net/minecraft/src","0"
"RenderWolf","acb","RenderLiving","net/minecraft/src","0"
"GuiVideoSettings","cc","GuiScreen","net/minecraft/src","0"
"GuiSlotStatsItem","xa","GuiSlotStats","net/minecraft/src","0"
"EntityLavaFX","aw","EntityFX","net/minecraft/src","0"
"Session","dr","","net/minecraft/src","0"
"Packet105UpdateProgressbar","gb","Packet","net/minecraft/src","0"
"BiomeGenMushroomIsland","aev","BiomeGenBase","net/minecraft/src","0"
"ModelBook","uj","ModelBase","net/minecraft/src","0"
"SlotCrafting","afe","Slot","net/minecraft/src","0"
"MapStorage","ew","","net/minecraft/src","0"
"J_JsonFieldNodeSelector","jr","J_LeafFunctor","net/minecraft/src","0"
"StructureStrongholdPieceWeight","ci","","net/minecraft/src","0"
"MusInputStream","cm","","net/minecraft/src","0"
"WorldGenFire","pl","WorldGenerator","net/minecraft/src","0"
"BlockStep","xs","Block","net/minecraft/src","0"
"StatBasic","cl","StatBase","net/minecraft/src","0"
"BlockRedstoneWire","kw","Block","net/minecraft/src","0"
"BlockGrass","jb","Block","net/minecraft/src","0"
"Explosion","xp","","net/minecraft/src","0"
"OpenGlHelper","adx","","net/minecraft/src","0"
"GuiSlotStatsGeneral","b","GuiSlot","net/minecraft/src","0"
"ComponentStrongholdPrison","fj","ComponentStronghold","net/minecraft/src","0"
"ItemEgg","sb","Item","net/minecraft/src","0"
"StructureVillagePieces","xy","","net/minecraft/src","0"
"BlockRail","afr","Block","net/minecraft/src","0"
"ComponentVillageChurch","uz","ComponentVillage","net/minecraft/src","0"
"ComponentNetherBridgeThrone","kf","ComponentNetherBridgePiece","net/minecraft/src","0"
"MapGenRavine","rf","MapGenBase","net/minecraft/src","0"
"GuiEditSign","fl","GuiScreen","net/minecraft/src","0"
"BlockOre","v","Block","net/minecraft/src","0"
"BiomeGenPlains","ym","BiomeGenBase","net/minecraft/src","0"
"GuiScreen","xe","Gui","net/minecraft/src","0"
"DataWatcher","cr","","net/minecraft/src","0"
"PotionHelper","pk","","net/minecraft/src","0"
"Packet20NamedEntitySpawn","ph","Packet","net/minecraft/src","0"
"SlotBrewingStandIngredient","aer","Slot","net/minecraft/src","0"
"ItemCoal","pr","Item","net/minecraft/src","0"
"MovementInputFromOptions","wa","MovementInput","net/minecraft/src","0"
"ActiveRenderInfo","abz","","net/minecraft/src","0"
"EntityEnderEye","bs","Entity","net/minecraft/src","0"
"Packet3Chat","abb","Packet","net/minecraft/src","0"
"TileEntityBrewingStand","tt","TileEntity","net/minecraft/src","0"
"GuiTexturePackSlot","ju","GuiSlot","net/minecraft/src","0"
"BlockMycelium","ez","Block","net/minecraft/src","0"
"EntityGiantZombie","abc","EntityMob","net/minecraft/src","0"
"CanvasMinecraftApplet","ep","","net/minecraft/src","0"
"EnumOS2","qe","","net/minecraft/src","0"
"Packet38EntityStatus","bf","Packet","net/minecraft/src","0"
"ItemArmor","agi","Item","net/minecraft/src","0"
"EnumAction","ps","","net/minecraft/src","0"
"GuiParticle","vg","Gui","net/minecraft/src","0"
"ComponentStrongholdStairs","vl","ComponentStronghold","net/minecraft/src","0"
"GuiScreenServerList","nn","GuiScreen","net/minecraft/src","0"
"Packet33RelEntityMoveLook","mc","Packet30Entity","net/minecraft/src","0"
"TextureWaterFX","gk","TextureFX","net/minecraft/src","0"
"AchievementMap","kp","","net/minecraft/src","0"
"Potion","abg","","net/minecraft/src","0"
"ComponentVillageTorch","abj","ComponentVillage","net/minecraft/src","0"
"TextureOffset","sx","","net/minecraft/src","0"
"BlockSand","cj","Block","net/minecraft/src","0"
"StructureStrongholdStones","qa","StructurePieceBlockSelector","net/minecraft/src","0"
"WorldGenPumpkin","sz","WorldGenerator","net/minecraft/src","0"
"NBTTagCompound","ik","NBTBase","net/minecraft/src","0"
"WorldGenGlowStone2","aew","WorldGenerator","net/minecraft/src","0"
"ModelSkeleton","afg","ModelZombie","net/minecraft/src","0"
"Packet41EntityEffect","ij","Packet","net/minecraft/src","0"
"ComponentMineshaftCross","id","StructureComponent","net/minecraft/src","0"
"ICrafting","abd","","net/minecraft/src","0"
"GuiInventory","hw","GuiContainer","net/minecraft/src","0"
"ItemFishingRod","hd","Item","net/minecraft/src","0"
"EntitySquid","yv","EntityWaterMob","net/minecraft/src","0"
"BiomeGenForest","fo","BiomeGenBase","net/minecraft/src","0"
"EntityCaveSpider","aco","EntitySpider","net/minecraft/src","0"
"GuiSelectWorld","xz","GuiScreen","net/minecraft/src","0"
"GuiIngameMenu","nd","GuiScreen","net/minecraft/src","0"
"MapGenCavesHell","cz","MapGenBase","net/minecraft/src","0"
"ChunkProviderClient","er","","net/minecraft/src","0"
"NBTTagFloat","vd","NBTBase","net/minecraft/src","0"
"PotionEffect","s","","net/minecraft/src","0"
"ComponentStrongholdStraight","gp","ComponentStronghold","net/minecraft/src","0"
"ComponentNetherBridgePiece","rh","StructureComponent","net/minecraft/src","0"
"TileEntityFurnace","oe","TileEntity","net/minecraft/src","0"
"EntityLiving","nq","Entity","net/minecraft/src","0"
"LayerIsland","aib","GenLayer","net/minecraft/src","0"
"IInvBasic","afq","","net/minecraft/src","0"
"TileEntityEnchantmentTable","rq","TileEntity","net/minecraft/src","0"
"PositionTextureVertex","fs","","net/minecraft/src","0"
"ChunkLoader","gy","","net/minecraft/src","0"
"GenLayerIsland","tv","GenLayer","net/minecraft/src","0"
"ModelBlaze","adm","ModelBase","net/minecraft/src","0"
"GuiErrorScreen","ov","GuiScreen","net/minecraft/src","0"
"BlockWeb","kc","Block","net/minecraft/src","0"
"ModelBase","al","","net/minecraft/src","0"
"GuiIngame","qd","Gui","net/minecraft/src","0"
"ItemSapling","z","ItemBlock","net/minecraft/src","0"
"ComponentVillageField","ec","ComponentVillage","net/minecraft/src","0"
"EmptyChunk","hn","Chunk","net/minecraft/src","0"
"J_JsonFormatter","wo","","net/minecraft/src","0"
"ModelSheep2","gg","ModelQuadruped","net/minecraft/src","0"
"ComponentVillageField2","agr","ComponentVillage","net/minecraft/src","0"
"GuiTexturePacks","lb","GuiScreen","net/minecraft/src","0"
"NBTTagString","yt","NBTBase","net/minecraft/src","0"
"ChunkProviderLoadOrGenerate","mv","","net/minecraft/src","0"
"J_JsonFalseNodeBuilder","lh","","net/minecraft/src","0"
"ChunkBlockMap","aig","","net/minecraft/src","0"
"GenLayerRiver","xu","GenLayer","net/minecraft/src","0"
"SaveHandler","e","","net/minecraft/src","0"
"ShapelessRecipes","bc","","net/minecraft/src","0"
"TextureFlamesFX","agp","TextureFX","net/minecraft/src","0"
"RenderCow","lj","RenderLiving","net/minecraft/src","0"
"BlockSponge","wh","Block","net/minecraft/src","0"
"BlockStem","pu","BlockFlower","net/minecraft/src","0"
"ItemMinecart","aex","Item","net/minecraft/src","0"
"BlockWorkbench","rn","Block","net/minecraft/src","0"
"Packet26EntityExpOrb","fi","Packet","net/minecraft/src","0"
"MapGenVillage","xn","MapGenStructure","net/minecraft/src","0"
"BiomeGenRiver","lq","BiomeGenBase","net/minecraft/src","0"
"Packet201PlayerInfo","oz","Packet","net/minecraft/src","0"
"EntityCreature","ww","EntityLiving","net/minecraft/src","0"
"Teleporter","aim","","net/minecraft/src","0"
"BlockNetherStalk","vy","BlockFlower","net/minecraft/src","0"
"StructureStrongholdPieceWeight2","iz","StructureStrongholdPieceWeight","net/minecraft/src","0"
"MapColor","aav","","net/minecraft/src","0"
"StructureStrongholdPieces","tc","","net/minecraft/src","0"
"RailLogic","aiq","","net/minecraft/src","0"
"MapCoord","aar","","net/minecraft/src","0"
"Achievement","ws","StatBase","net/minecraft/src","0"
"J_JsonNodeDoesNotMatchChainedJsonNodeSelectorException","he","J_JsonNodeDoesNotMatchJsonNodeSelectorException","net/minecraft/src","0"
"J_JsonListenerToJdomAdapter","es","","net/minecraft/src","0"
"TileEntityRecordPlayer","agc","TileEntity","net/minecraft/src","0"
"ImageBufferDownload","vt","","net/minecraft/src","0"
"ComponentVillageHouse1","gs","ComponentVillage","net/minecraft/src","0"
"J_JsonNumberNode","ds","J_JsonNode","net/minecraft/src","0"
"MouseHelper","hs","","net/minecraft/src","0"
"StatFileWriter","tk","","net/minecraft/src","0"
"BiomeGenOcean","aeq","BiomeGenBase","net/minecraft/src","0"
"EnumOptions","lp","","net/minecraft/src","0"
"WorldClient","ma","World","net/minecraft/src","0"
"BiomeDecorator","ql","","net/minecraft/src","0"
"BlockDragonEgg","aci","Block","net/minecraft/src","0"
"BlockPistonMoving","qz","BlockContainer","net/minecraft/src","0"
"MinecraftImpl","ahy","Minecraft","net/minecraft/src","0"
"Path","zs","","net/minecraft/src","0"
"J_JsonFieldBuilder","aax","","net/minecraft/src","0"
"Item","acy","","net/minecraft/src","0"
"J_JsonObjectNodeList","nv","","net/minecraft/src","0"
"TileEntity","bq","","net/minecraft/src","0"
"BlockFlowing","ahx","BlockFluid","net/minecraft/src","0"
"EnumOSMappingHelper","qr","","net/minecraft/src","0"
"ComponentStrongholdChestCorridor","ys","ComponentStronghold","net/minecraft/src","0"
"WorldGenTaiga1","us","WorldGenerator","net/minecraft/src","0"
"InventoryPlayer","x","","net/minecraft/src","0"
"Slot","vv","","net/minecraft/src","0"
"Direction","lz","","net/minecraft/src","0"
"ModelVillager","zf","ModelBase","net/minecraft/src","0"
"EntityRainFX","ub","EntityFX","net/minecraft/src","0"
"ItemBed","kn","Item","net/minecraft/src","0"
"Packet108EnchantItem","acv","Packet","net/minecraft/src","0"
"EntityCreeper","abh","EntityMob","net/minecraft/src","0"
"Packet101CloseWindow","hi","Packet","net/minecraft/src","0"
"EntitySmallFireball","yn","EntityFireball","net/minecraft/src","0"
"Packet24MobSpawn","mn","Packet","net/minecraft/src","0"
"J_InvalidSyntaxException","zz","","net/minecraft/src","0"
"ItemRedstone","dl","Item","net/minecraft/src","0"
"ThreadedChunkLoaderPending","vp","","net/minecraft/src","0"
"Packet14BlockDig","sm","Packet","net/minecraft/src","0"
"OpenGlCapsChecker","mm","","net/minecraft/src","0"
"J_JsonStringNode","oj","J_JsonNode","net/minecraft/src","0"
"MapInfo","sa","","net/minecraft/src","0"
"NetClientHandler","abp","NetHandler","net/minecraft/src","0"
"ItemTool","ads","Item","net/minecraft/src","0"
"ImageBuffer","aaj","","net/minecraft/src","0"
"Container","pj","","net/minecraft/src","0"
"EntityPig","fd","EntityAnimal","net/minecraft/src","0"
"GuiSavingLevelString","ao","","net/minecraft/src","0"
"GuiGameOver","j","GuiScreen","net/minecraft/src","0"
"EnchantmentDurability","dq","Enchantment","net/minecraft/src","0"
"J_JsonNumberNodeBuilder","ms","","net/minecraft/src","0"
"GuiContainerCreative","aec","GuiContainer","net/minecraft/src","0"
"EntityMagmaCube","aea","EntitySlime","net/minecraft/src","0"
"Packet5PlayerInventory","lw","Packet","net/minecraft/src","0"
"BlockBrewingStand","ahp","BlockContainer","net/minecraft/src","0"
"NoiseGeneratorOctaves","eb","NoiseGenerator","net/minecraft/src","0"
"ItemBlock","uw","Item","net/minecraft/src","0"
"BlockPumpkin","nf","Block","net/minecraft/src","0"
"Packet30Entity","rd","Packet","net/minecraft/src","0"
"SorterStatsItem","gf","","net/minecraft/src","0"
"StructureNetherBridgePieces","rp","","net/minecraft/src","0"
"J_JdomParser","nx","","net/minecraft/src","0"
"RenderLightningBolt","adu","Render","net/minecraft/src","0"
"InventoryBasic","bb","","net/minecraft/src","0"
"ItemFood","agu","Item","net/minecraft/src","0"
"UnexpectedThrowable","oq","","net/minecraft/src","0"
"EnchantmentOxygen","vu","Enchantment","net/minecraft/src","0"
"EnchantmentWaterWorker","adz","Enchantment","net/minecraft/src","0"
"StatStringFormatKeyInv","qb","","net/minecraft/src","0"
"EntityThrowable","fm","Entity","net/minecraft/src","0"
"Packet255KickDisconnect","sw","Packet","net/minecraft/src","0"
"StatCrafting","yl","StatBase","net/minecraft/src","0"
"ItemBow","il","Item","net/minecraft/src","0"
"J_JsonArrayNodeSelector","ahj","J_LeafFunctor","net/minecraft/src","0"
"WorldGenBigTree","yd","WorldGenerator","net/minecraft/src","0"
"ItemSeeds","adf","Item","net/minecraft/src","0"
"SlotBrewingStandPotion","aeb","Slot","net/minecraft/src","0"
"WorldGenGlowStone1","pt","WorldGenerator","net/minecraft/src","0"
"EntitySmokeFX","aca","EntityFX","net/minecraft/src","0"
"EntityPickupFX","acw","EntityFX","net/minecraft/src","0"
"RecipesFood","air","","net/minecraft/src","0"
"ContainerDispenser","qu","Container","net/minecraft/src","0"
"BlockSnowBlock","jk","Block","net/minecraft/src","0"
"ComponentNetherBridgeEntrance","xr","ComponentNetherBridgePiece","net/minecraft/src","0"
"ModelSnowMan","aai","ModelBase","net/minecraft/src","0"
"EntityGhast","is","EntityFlying","net/minecraft/src","0"
"NBTTagLong","vw","NBTBase","net/minecraft/src","0"
"Empty3","qt","","net/minecraft/src","0"
"Packet131MapData","aej","Packet","net/minecraft/src","0"
"StructureNetherBridgeEnd","ld","ComponentNetherBridgePiece","net/minecraft/src","0"
"RenderSquid","aic","RenderLiving","net/minecraft/src","0"
"Particle","dy","","net/minecraft/src","0"
"EntityArrow","ro","Entity","net/minecraft/src","0"
"RegionFile","as","","net/minecraft/src","0"
"GuiStats","in","GuiScreen","net/minecraft/src","0"
"TexturePackBase","afs","","net/minecraft/src","0"
"BlockRedstoneTorch","ku","BlockTorch","net/minecraft/src","0"
"BlockButton","ahv","Block","net/minecraft/src","0"
"BlockBed","aab","Block","net/minecraft/src","0"
"NoiseGeneratorPerlin","agk","NoiseGenerator","net/minecraft/src","0"
"StatCollector","hj","","net/minecraft/src","0"
"J_ArrayNodeContainer","tl","","net/minecraft/src","0"
"GenLayer","jx","","net/minecraft/src","0"
"RenderFireball","ke","Render","net/minecraft/src","0"
"ThreadDownloadImage","cw","","net/minecraft/src","0"
"EntityCritFX","afj","EntityFX","net/minecraft/src","0"
"RegionFileCache","wl","","net/minecraft/src","0"
"ItemSpade","adb","ItemTool","net/minecraft/src","0"
"EnumJsonNodeTypeMappingHelper","ux","","net/minecraft/src","0"
"ComponentMineshaftRoom","uk","StructureComponent","net/minecraft/src","0"
"EnumArmorMaterial","dj","","net/minecraft/src","0"
"J_JsonNodeBuilders","tz","","net/minecraft/src","0"
"ComponentVillageHouse4_Garden","uy","ComponentVillage","net/minecraft/src","0"
"GuiSlot","jn","","net/minecraft/src","0"
"MapItemRenderer","sg","","net/minecraft/src","0"
"ComponentNetherBridgeCorridor5","hg","ComponentNetherBridgePiece","net/minecraft/src","0"
"J_JsonArray","kx","J_JsonRootNode","net/minecraft/src","0"
"NBTTagEnd","hp","NBTBase","net/minecraft/src","0"
"EnchantmentData","vs","WeightedRandomChoice","net/minecraft/src","0"
"GenLayerRiverInit","sp","GenLayer","net/minecraft/src","0"
"GuiCreateWorld","xh","GuiScreen","net/minecraft/src","0"
"RenderPainting","zv","Render","net/minecraft/src","0"
"IStatType","un","","net/minecraft/src","0"
"BlockPistonBase","abr","Block","net/minecraft/src","0"
"ModelLargeChest","vk","ModelChest","net/minecraft/src","0"
"Packet8UpdateHealth","qg","Packet","net/minecraft/src","0"
"CraftingManager","sl","","net/minecraft/src","0"
"FurnaceRecipes","mt","","net/minecraft/src","0"
"ComponentStrongholdStairsStraight","so","ComponentStronghold","net/minecraft/src","0"
"GuiEnchantment","zw","GuiContainer","net/minecraft/src","0"
"EnumMovingObjectType","bo","","net/minecraft/src","0"
"ThreadDownloadResources","ng","","net/minecraft/src","0"
"J_JsonElementNodeSelector","da","J_LeafFunctor","net/minecraft/src","0"
"NBTTagByte","xq","NBTBase","net/minecraft/src","0"
"EnchantmentLootBonus","qn","Enchantment","net/minecraft/src","0"
"WorldGenForest","jp","WorldGenerator","net/minecraft/src","0"
"StructureComponent","nk","","net/minecraft/src","0"
"BlockDirt","agd","Block","net/minecraft/src","0"
"RenderSnowball","cd","Render","net/minecraft/src","0"
"ThreadPollServers","yb","","net/minecraft/src","0"
"WeightedRandom","nc","","net/minecraft/src","0"
"BlockCloth","fr","Block","net/minecraft/src","0"
"DamageSource","pm","","net/minecraft/src","0"
"RenderHelper","rt","","net/minecraft/src","0"
"SaveFormatComparator","rr","","net/minecraft/src","0"
"Packet15Place","em","Packet","net/minecraft/src","0"
"Packet18Animation","abu","Packet","net/minecraft/src","0"
"ComponentNetherBridgeCorridor","ahw","ComponentNetherBridgePiece","net/minecraft/src","0"
"RenderTNTPrimed","nt","Render","net/minecraft/src","0"
"RenderFallingSand","agh","Render","net/minecraft/src","0"
"TextureLavaFX","yu","TextureFX","net/minecraft/src","0"
"RecipesCrafting","do","","net/minecraft/src","0"
"TileEntityNote","nj","TileEntity","net/minecraft/src","0"
"ShapedRecipes","aga","","net/minecraft/src","0"
"WorldSettings","yw","","net/minecraft/src","0"
"RenderFish","ls","Render","net/minecraft/src","0"
"GuiMainMenu","eh","GuiScreen","net/minecraft/src","0"
"EnumStatus","qy","","net/minecraft/src","0"
"EntityLightningBolt","su","EntityWeatherEffect","net/minecraft/src","0"
"StructurePieceTreasure","agq","WeightedRandomChoice","net/minecraft/src","0"
"GenLayerSmoothZoom","jw","GenLayer","net/minecraft/src","0"
"EntityMooshroom","tb","EntityCow","net/minecraft/src","0"
"WorldBlockPositionType","agf","","net/minecraft/src","0"
"BlockFarmland","ni","Block","net/minecraft/src","0"
"ItemEnderPearl","eo","Item","net/minecraft/src","0"
"WorldProviderSurface","ix","WorldProvider","net/minecraft/src","0"
"RecipesDyes","jc","","net/minecraft/src","0"
"IThreadedFileIO","pz","","net/minecraft/src","0"
"Packet103SetSlot","iu","Packet","net/minecraft/src","0"
"Packet34EntityTeleport","be","Packet","net/minecraft/src","0"
"NBTTagInt","hx","NBTBase","net/minecraft/src","0"
"Packet53BlockChange","ack","Packet","net/minecraft/src","0"
"SlotArmor","pi","Slot","net/minecraft/src","0"
"EntityEnchantmentTableParticleFX","afn","EntityFX","net/minecraft/src","0"
"RenderMagmaCube","m","RenderLiving","net/minecraft/src","0"
"Profiler","pf","","net/minecraft/src","0"
"World","ry","","net/minecraft/src","0"
"SignModel","rb","ModelBase","net/minecraft/src","0"
"IWorldAccess","bd","","net/minecraft/src","0"
"EntityWeatherEffect","sd","Entity","net/minecraft/src","0"
"J_ChainedFunctor","zk","","net/minecraft/src","0"
"RenderBoat","ru","Render","net/minecraft/src","0"
"TileEntityRendererPiston","xd","TileEntitySpecialRenderer","net/minecraft/src","0"
"GenLayerZoom","act","GenLayer","net/minecraft/src","0"
"EntitySheep","hm","EntityAnimal","net/minecraft/src","0"
"ChunkCache","xk","","net/minecraft/src","0"
"Packet19EntityAction","ag","Packet","net/minecraft/src","0"
"GLAllocation","bt","","net/minecraft/src","0"
"MapGenWaterlily","jj","WorldGenerator","net/minecraft/src","0"
"IntCache","bm","","net/minecraft/src","0"
"ChunkCoordIntPair","acm","","net/minecraft/src","0"
"RenderSilverfish","xt","RenderLiving","net/minecraft/src","0"
"ComponentVillageHouse2","ko","ComponentVillage","net/minecraft/src","0"
"ItemReed","to","Item","net/minecraft/src","0"
"ItemGlassBottle","qc","Item","net/minecraft/src","0"
"J_FieldNodeContainer","co","","net/minecraft/src","0"
"BlockContainer","ba","Block","net/minecraft/src","0"
"GuiScreenAddServer","iq","GuiScreen","net/minecraft/src","0"
"GenLayerSmooth","acn","GenLayer","net/minecraft/src","0"
"MinecraftAppletImpl","nm","Minecraft","net/minecraft/src","0"
"Packet52MultiBlockChange","np","Packet","net/minecraft/src","0"
"NetworkMasterThread","acx","","net/minecraft/src","0"
"BlockMelon","of","Block","net/minecraft/src","0"
"BlockChest","au","BlockContainer","net/minecraft/src","0"
"EnchantmentModifierLiving","aen","","net/minecraft/src","0"
"J_JsonNodeSelectors","ek","","net/minecraft/src","0"
"ModelZombie","le","ModelBiped","net/minecraft/src","0"
"ComponentStronghold","os","StructureComponent","net/minecraft/src","0"
"ClippingHelperImpl","qs","ClippingHelper","net/minecraft/src","0"
"BlockStairs","ahh","Block","net/minecraft/src","0"
"Packet21PickupSpawn","ts","Packet","net/minecraft/src","0"
"BlockClay","pc","Block","net/minecraft/src","0"
"SlotEnchantmentTable","li","InventoryBasic","net/minecraft/src","0"
"ChestItemRenderHelper","acl","","net/minecraft/src","0"
"J_JsonNodeList","abn","","net/minecraft/src","0"
"RecipeSorter","ga","","net/minecraft/src","0"
"StructureNetherBridgeStart","tg","StructureStart","net/minecraft/src","0"
"J_NodeContainer","ye","","net/minecraft/src","0"
"Vec3D","fb","","net/minecraft/src","0"
"RenderEnderCrystal","ti","Render","net/minecraft/src","0"
"EntitySorter","oy","","net/minecraft/src","0"
"J_JsonRootNode","wz","J_JsonNode","net/minecraft/src","0"
"Packet25EntityPainting","yr","Packet","net/minecraft/src","0"
"Packet16BlockItemSwitch","aio","Packet","net/minecraft/src","0"
"NBTBase","um","","net/minecraft/src","0"
"ContainerBrewingStand","ok","Container","net/minecraft/src","0"
"RenderVillager","ch","RenderLiving","net/minecraft/src","0"
"ItemDye","xv","Item","net/minecraft/src","0"
"Packet104WindowItems","yh","Packet","net/minecraft/src","0"
"ModelSlime","fy","ModelBase","net/minecraft/src","0"
"PotionHealth","py","Potion","net/minecraft/src","0"
"J_JsonConstants","gw","J_JsonNode","net/minecraft/src","0"
"EntitySnowman","ahd","EntitySnowmanBase","net/minecraft/src","0"
"GuiCrafting","uv","GuiContainer","net/minecraft/src","0"
"Timer","aij","","net/minecraft/src","0"
"BlockFire","wj","Block","net/minecraft/src","0"
"BiomeCache","agl","","net/minecraft/src","0"
"EntityCrit2FX","hu","EntityFX","net/minecraft/src","0"
"ComponentStrongholdCorridor","vn","ComponentStronghold","net/minecraft/src","0"
"BlockTorch","bg","Block","net/minecraft/src","0"
"StepSoundSand","aeg","StepSound","net/minecraft/src","0"
"GuiBrewingStand","cy","GuiContainer","net/minecraft/src","0"
"EnchantmentDamage","ap","Enchantment","net/minecraft/src","0"
"BlockEnchantmentTable","sy","BlockContainer","net/minecraft/src","0"
"BiomeEndDecorator","uu","BiomeDecorator","net/minecraft/src","0"
"ThreadSleepForever","yk","","net/minecraft/src","0"
"MouseFilter","ne","","net/minecraft/src","0"
"J_JsonNodeDoesNotMatchJsonNodeSelectorException","xc","","net/minecraft/src","0"
"WorldGenerator","ig","","net/minecraft/src","0"
"BlockGlass","aho","BlockBreakable","net/minecraft/src","0"
"ComponentNetherBridgeStartPiece","gc","ComponentNetherBridgeCrossing3","net/minecraft/src","0"
"EntityFlameFX","o","EntityFX","net/minecraft/src","0"
"NetHandler","fe","","net/minecraft/src","0"
"EntitySilverfish","gl","EntityMob","net/minecraft/src","0"
"EnchantmentFireAspect","aie","Enchantment","net/minecraft/src","0"
"Packet39AttachEntity","agx","Packet","net/minecraft/src","0"
"RenderBlaze","aq","RenderLiving","net/minecraft/src","0"
"Packet50PreChunk","t","Packet","net/minecraft/src","0"
"ComponentNetherBridgeCorridor3","tr","ComponentNetherBridgePiece","net/minecraft/src","0"
"ModelSquid","op","ModelBase","net/minecraft/src","0"
"EntityOtherPlayerMP","zb","EntityPlayer","net/minecraft/src","0"
"EnumCreatureType","jf","","net/minecraft/src","0"
"TileEntityMobSpawnerRenderer","on","TileEntitySpecialRenderer","net/minecraft/src","0"
"EntityLargeExplodeFX","ail","EntityFX","net/minecraft/src","0"
"SlotFurnace","ie","Slot","net/minecraft/src","0"
"WorldGenCactus","ade","WorldGenerator","net/minecraft/src","0"
"StatList","ny","","net/minecraft/src","0"
"ICamera","fn","","net/minecraft/src","0"
"Packet70Bed","ho","Packet","net/minecraft/src","0"
"GuiAchievement","lk","Gui","net/minecraft/src","0"
"EntityReddustFX","aao","EntityFX","net/minecraft/src","0"
"ModelPig","je","ModelQuadruped","net/minecraft/src","0"
"ChunkFile","ck","","net/minecraft/src","0"
"GenLayerZoomVoronoi","df","GenLayer","net/minecraft/src","0"
"MapGenMineshaft","kd","MapGenStructure","net/minecraft/src","0"
"NoiseGenerator","cs","","net/minecraft/src","0"
"WorldGenHellLava","ey","WorldGenerator","net/minecraft/src","0"
"Packet11PlayerPosition","vb","Packet10Flying","net/minecraft/src","0"
"RenderXPOrb","pw","Render","net/minecraft/src","0"
"MathHelper","me","","net/minecraft/src","0"
"BiomeGenHell","av","BiomeGenBase","net/minecraft/src","0"
"EntityMob","zo","EntityCreature","net/minecraft/src","0"
"BlockSandStone","aat","Block","net/minecraft/src","0"
"TileEntityDispenser","bp","TileEntity","net/minecraft/src","0"
"EntityHeartFX","ff","EntityFX","net/minecraft/src","0"
"GuiChat","gx","GuiScreen","net/minecraft/src","0"
"GuiUnused","aff","GuiScreen","net/minecraft/src","0"
"ModelEnderCrystal","afb","ModelBase","net/minecraft/src","0"
"ItemLeaves","og","ItemBlock","net/minecraft/src","0"
"ContainerChest","ak","Container","net/minecraft/src","0"
"BlockReed","md","Block","net/minecraft/src","0"
"TexturePackList","adk","","net/minecraft/src","0"
"ComponentNetherBridgeCrossing2","yj","ComponentNetherBridgePiece","net/minecraft/src","0"
"TexturePortalFX","vr","TextureFX","net/minecraft/src","0"
"EntityDropParticleFX","st","EntityFX","net/minecraft/src","0"
"Packet254ServerPing","lx","Packet","net/minecraft/src","0"
"Chunk","zx","","net/minecraft/src","0"
"GenLayerShore","zy","GenLayer","net/minecraft/src","0"
"J_JsonNodeBuilder","rv","","net/minecraft/src","0"
"StructureStrongholdStart","kg","StructureStart","net/minecraft/src","0"
"EnumMobType","xb","","net/minecraft/src","0"
"NBTTagList","yi","NBTBase","net/minecraft/src","0"
"GenLayerTemperature","afc","GenLayer","net/minecraft/src","0"
"EnchantmentModifierDamage","cp","","net/minecraft/src","0"
"ItemSword","zp","Item","net/minecraft/src","0"
"WorldProviderHell","aau","WorldProvider","net/minecraft/src","0"
"TileEntityChest","tu","TileEntity","net/minecraft/src","0"
"WorldGenBigMushroom","acp","WorldGenerator","net/minecraft/src","0"
"BlockSapling","aet","BlockFlower","net/minecraft/src","0"
"Packet71Weather","abf","Packet","net/minecraft/src","0"
"WorldGenTrees","gq","WorldGenerator","net/minecraft/src","0"
"GenLayerZoomFuzzy","gn","GenLayer","net/minecraft/src","0"
"Packet32EntityLook","ks","Packet30Entity","net/minecraft/src","0"
"IInventory","de","","net/minecraft/src","0"
"StructureStart","oa","","net/minecraft/src","0"
"RenderEnderman","aae","RenderLiving","net/minecraft/src","0"
"ContainerFurnace","eg","Container","net/minecraft/src","0"
"NetworkWriterThread","agv","","net/minecraft/src","0"
"GenLayerDownfallMix","mh","GenLayer","net/minecraft/src","0"
"EnumJsonNodeType","pp","","net/minecraft/src","0"
"J_ObjectNodeContainer","lc","","net/minecraft/src","0"
"ItemBucket","en","Item","net/minecraft/src","0"
"BlockLog","aip","Block","net/minecraft/src","0"
"StatBase","px","","net/minecraft/src","0"
"DragonPart","vc","Entity","net/minecraft/src","0"
"J_CompactJsonFormatter","rx","","net/minecraft/src","0"
"ModelCow","agg","ModelQuadruped","net/minecraft/src","0"
"BlockOreStorage","rs","Block","net/minecraft/src","0"
"WeightedRandomChoice","abt","","net/minecraft/src","0"
"RecipesWeapons","kj","","net/minecraft/src","0"
"J_JsonNode","an","","net/minecraft/src","0"
"RenderSpider","abw","RenderLiving","net/minecraft/src","0"
"ProfilerResult","afx","","net/minecraft/src","0"
"TexturePackDefault","ax","TexturePackBase","net/minecraft/src","0"
"ComponentVillageHouse3","tf","ComponentVillage","net/minecraft/src","0"
"PlayerController","aes","","net/minecraft/src","0"
"EntityNoteFX","ae","EntityFX","net/minecraft/src","0"
"GuiDispenser","wt","GuiContainer","net/minecraft/src","0"
"RenderChicken","dp","RenderLiving","net/minecraft/src","0"
"EntityChicken","qh","EntityAnimal","net/minecraft/src","0"
"PlayerCapabilities","wq","","net/minecraft/src","0"
"ItemPickaxe","zu","ItemTool","net/minecraft/src","0"
"IEnchantmentModifier","fz","","net/minecraft/src","0"
"ModelSilverfish","aaq","ModelBase","net/minecraft/src","0"
"RenderEngine","zh","","net/minecraft/src","0"
"EntityExplodeFX","nr","EntityFX","net/minecraft/src","0"
"IStatStringFormat","aal","","net/minecraft/src","0"
"Tessellator","cv","","net/minecraft/src","0"
"RenderSorter","jy","","net/minecraft/src","0"
"ChunkCoordinates","dh","","net/minecraft/src","0"
"BlockVine","ahl","Block","net/minecraft/src","0"
"ChatLine","ahe","","net/minecraft/src","0"
"ChunkFolderPattern","agj","","net/minecraft/src","0"
"AchievementList","ut","","net/minecraft/src","0"
"IRecipe","ue","","net/minecraft/src","0"
"MD5String","vz","","net/minecraft/src","0"
"GameWindowListener","sj","","net/minecraft/src","0"
"ColorizerGrass","ha","","net/minecraft/src","0"
"ChunkProviderHell","jv","","net/minecraft/src","0"
"WorldChunkManagerHell","bx","WorldChunkManager","net/minecraft/src","0"
"ItemMetadata","afm","ItemBlock","net/minecraft/src","0"
"RenderEndPortal","abi","TileEntitySpecialRenderer","net/minecraft/src","0"
"BlockGravel","kb","BlockSand","net/minecraft/src","0"
"J_JsonObjectNodeBuilder","abq","","net/minecraft/src","0"
"ItemAxe","ago","ItemTool","net/minecraft/src","0"
"EntityZombie","gr","EntityMob","net/minecraft/src","0"
"EntityEnderPearl","tm","EntityThrowable","net/minecraft/src","0"
"TileEntitySignRenderer","aeu","TileEntitySpecialRenderer","net/minecraft/src","0"
"ChunkProvider","jz","","net/minecraft/src","0"
"ItemSign","my","Item","net/minecraft/src","0"
"EnumEnchantmentType","q","","net/minecraft/src","0"
"EntityWaterMob","dn","EntityCreature","net/minecraft/src","0"
"WorldGenReed","tw","WorldGenerator","net/minecraft/src","0"
"ModelQuadruped","fh","ModelBase","net/minecraft/src","0"
"StructureMineshaftStart","ns","StructureStart","net/minecraft/src","0"
"Packet17Sleep","aft","Packet","net/minecraft/src","0"
"GuiDisconnected","aam","GuiScreen","net/minecraft/src","0"
"ItemCloth","ahb","ItemBlock","net/minecraft/src","0"
"ModelChicken","adq","ModelBase","net/minecraft/src","0"
"J_JsonEscapedString","aek","","net/minecraft/src","0"
"BlockPortal","sc","BlockBreakable","net/minecraft/src","0"
"GuiTextField","dv","Gui","net/minecraft/src","0"
"EntityHugeExplodeFX","adc","EntityFX","net/minecraft/src","0"
"PlayerControllerMP","zn","PlayerController","net/minecraft/src","0"
"RenderEntity","wy","Render","net/minecraft/src","0"
"BlockTrapDoor","mf","Block","net/minecraft/src","0"
"ThreadStatSyncherSend","mi","","net/minecraft/src","0"
"J_JsonNodeSelector","dx","","net/minecraft/src","0"
"ItemMap","bv","ItemMapBase","net/minecraft/src","0"
"EntityTNTPrimed","dd","Entity","net/minecraft/src","0"
"EntityPainting","tj","Entity","net/minecraft/src","0"
"Packet22Collect","rc","Packet","net/minecraft/src","0"
"BlockBookshelf","ay","Block","net/minecraft/src","0"
"TileEntityRenderer","ah","","net/minecraft/src","0"
"ItemAppleGold","afk","ItemFood","net/minecraft/src","0"
"BlockFurnace","eu","BlockContainer","net/minecraft/src","0"
"WorldProvider","k","","net/minecraft/src","0"
"BlockSnow","aif","Block","net/minecraft/src","0"
"BlockEndPortalFrame","rl","Block","net/minecraft/src","0"
"BlockLever","aaa","Block","net/minecraft/src","0"
"ComponentNetherBridgeCrossing","ui","ComponentNetherBridgePiece","net/minecraft/src","0"
"J_PositionTrackingPushbackReader","ud","","net/minecraft/src","0"
"Packet10Flying","hk","Packet","net/minecraft/src","0"
"EntitySnowShovelFX","zj","EntityFX","net/minecraft/src","0"
"StatTypeDistance","jg","","net/minecraft/src","0"
"RecipesTools","zq","","net/minecraft/src","0"
"BlockLilyPad","qi","BlockFlower","net/minecraft/src","0"
"GenLayerDownfall","afd","GenLayer","net/minecraft/src","0"
"J_JsonNullNodeBuilder","afl","","net/minecraft/src","0"
"InventoryLargeChest","adv","","net/minecraft/src","0"
"MapGenBase","bz","","net/minecraft/src","0"
"BlockSign","mr","BlockContainer","net/minecraft/src","0"
"J_JsonObject","g","J_JsonRootNode","net/minecraft/src","0"
"BlockMushroomCap","wd","Block","net/minecraft/src","0"
"MaterialLogic","mw","Material","net/minecraft/src","0"
"ComponentStrongholdRoomCrossing","jt","ComponentStronghold","net/minecraft/src","0"
"BlockCauldron","ic","Block","net/minecraft/src","0"
"PanelCrashReport","wp","","net/minecraft/src","0"
"BiomeGenSwamp","mk","BiomeGenBase","net/minecraft/src","0"
"MovementInput","agn","","net/minecraft/src","0"
"Packet200Statistic","zl","Packet","net/minecraft/src","0"
"SpawnerAnimals","we","","net/minecraft/src","0"
"WorldGenTaiga2","ty","WorldGenerator","net/minecraft/src","0"
"BlockSilverfish","vf","Block","net/minecraft/src","0"
"EntityDiggingFX","mp","EntityFX","net/minecraft/src","0"
"ContainerWorkbench","ace","Container","net/minecraft/src","0"
"NetworkManager","hc","","net/minecraft/src","0"
"TextureCompassFX","aih","TextureFX","net/minecraft/src","0"
"ComponentVillageWell","aia","ComponentVillage","net/minecraft/src","0"
"ContainerPlayer","gd","Container","net/minecraft/src","0"
"GuiMultiplayer","xi","GuiScreen","net/minecraft/src","0"
"EntityFireball","aad","Entity","net/minecraft/src","0"
"WorldChunkManager","vh","","net/minecraft/src","0"
"ComponentVillageHall","acz","ComponentVillage","net/minecraft/src","0"
"BlockDeadBush","jl","BlockFlower","net/minecraft/src","0"
"ItemSaddle","acg","Item","net/minecraft/src","0"
"EnchantmentHelper","ml","","net/minecraft/src","0"
"StatTypeSimple","acc","","net/minecraft/src","0"
"Packet61DoorChange","sh","Packet","net/minecraft/src","0"
"EntityCow","adr","EntityAnimal","net/minecraft/src","0"
"Empty2","te","","net/minecraft/src","0"
"GuiWorldSlot","pb","GuiSlot","net/minecraft/src","0"
"Enchantment","aef","","net/minecraft/src","0"
"MapGenNetherBridge","ed","MapGenStructure","net/minecraft/src","0"
"TileEntitySpecialRenderer","du","","net/minecraft/src","0"
"BlockDispenser","cu","BlockContainer","net/minecraft/src","0"
"EnumRarity","ja","","net/minecraft/src","0"
"BiomeGenTaiga","qk","BiomeGenBase","net/minecraft/src","0"
"BlockPane","uh","Block","net/minecraft/src","0"
"ThreadConnectToServer","pn","","net/minecraft/src","0"
"BlockEndPortal","aid","BlockContainer","net/minecraft/src","0"
"Packet51MapChunk","kh","Packet","net/minecraft/src","0"
"ComponentVillageRoadPiece","za","ComponentVillage","net/minecraft/src","0"
"CanvasCrashReport","adn","","net/minecraft/src","0"
"Packet9Respawn","aep","Packet","net/minecraft/src","0"
"RenderCreeper","hb","RenderLiving","net/minecraft/src","0"
"RenderSheep","ahr","RenderLiving","net/minecraft/src","0"
"IntHashMapEntry","aei","","net/minecraft/src","0"
"IntHashMap","ob","","net/minecraft/src","0"
"ItemMapBase","fu","Item","net/minecraft/src","0"
"NibbleArray","up","","net/minecraft/src","0"
"BlockStoneBrick","jh","Block","net/minecraft/src","0"
"EntityBoat","no","Entity","net/minecraft/src","0"
"Block","yy","","net/minecraft/src","0"
"GuiButton","ct","Gui","net/minecraft/src","0"
"LongHashMap","wv","","net/minecraft/src","0"
"Packet40EntityMetadata","se","Packet","net/minecraft/src","0"
"EnchantmentNameParts","ea","","net/minecraft/src","0"
"ComponentNetherBridgeCorridor4","acs","ComponentNetherBridgePiece","net/minecraft/src","0"
"ComponentNetherBridgeCorridor2","lu","ComponentNetherBridgePiece","net/minecraft/src","0"
"EntityBlaze","qf","EntityMob","net/minecraft/src","0"
"MapData","kl","WorldSavedData","net/minecraft/src","0"
"J_JsonStringNodeSelector","ji","J_LeafFunctor","net/minecraft/src","0"
"BlockFlower","wg","Block","net/minecraft/src","0"
"StringTranslate","qp","","net/minecraft/src","0"
"GameSettings","ki","","net/minecraft/src","0"
"Frustrum","ev","","net/minecraft/src","0"
"BlockMobSpawner","kk","BlockContainer","net/minecraft/src","0"
"RenderGhast","im","RenderLiving","net/minecraft/src","0"
"Packet0KeepAlive","wf","Packet","net/minecraft/src","0"
"Packet60Explosion","km","Packet","net/minecraft/src","0"
"MinecraftException","adl","","net/minecraft/src","0"
"WorldSavedData","afz","","net/minecraft/src","0"
"FoodStats","eq","","net/minecraft/src","0"
"GuiRenameWorld","or","GuiScreen","net/minecraft/src","0"
"ItemFlintAndSteel","ou","Item","net/minecraft/src","0"
"WorldGenSpikes","oh","WorldGenerator","net/minecraft/src","0"
"RedstoneUpdateInfo","lf","","net/minecraft/src","0"
"SlotEnchantment","ur","Slot","net/minecraft/src","0"
"EntityDamageSourceIndirect","qq","EntityDamageSource","net/minecraft/src","0"
"J_JsonListener","yc","","net/minecraft/src","0"
"StructurePieceBlockSelector","ox","","net/minecraft/src","0"
"RenderEnchantmentTable","wn","TileEntitySpecialRenderer","net/minecraft/src","0"
"MapGenCaves","ln","MapGenBase","net/minecraft/src","0"
"EntityList","afw","","net/minecraft/src","0"
"EntitySplashFX","adi","EntityRainFX","net/minecraft/src","0"
"BlockPistonExtension","acu","Block","net/minecraft/src","0"
"ChunkProviderEnd","a","","net/minecraft/src","0"
"RenderMooshroom","la","RenderLiving","net/minecraft/src","0"
"ComponentMineshaftStairs","ra","StructureComponent","net/minecraft/src","0"
"BlockGlowStone","sk","Block","net/minecraft/src","0"
"ModelSpider","lv","ModelBase","net/minecraft/src","0"
"GenLayerTemperatureMix","rk","GenLayer","net/minecraft/src","0"
"J_JsonObjectNodeSelector","agz","J_LeafFunctor","net/minecraft/src","0"
"ColorizerWater","ya","","net/minecraft/src","0"
"NBTTagByteArray","ca","NBTBase","net/minecraft/src","0"
"ComponentVillageStartPiece","yp","ComponentVillageWell","net/minecraft/src","0"
"ModelCreeper","aac","ModelBase","net/minecraft/src","0"
"ComponentStrongholdLibrary","zc","ComponentStronghold","net/minecraft/src","0"
"SaveHandlerMP","bi","","net/minecraft/src","0"
"ChunkProviderGenerate","xj","","net/minecraft/src","0"
"WorldGenClay","adp","WorldGenerator","net/minecraft/src","0"
"BlockLadder","afu","Block","net/minecraft/src","0"
"RenderPlayer","zr","RenderLiving","net/minecraft/src","0"
"GuiConnecting","ri","GuiScreen","net/minecraft/src","0"
"MinecraftApplet","MinecraftApplet","","net/minecraft/client","0"
"Minecraft","Minecraft","","net/minecraft/client","0"
"EntityEnderCrystal","gb","Entity","net/minecraft/src","1"
"RecipesArmor","z","","net/minecraft/src","1"
"BiomeGenHills","ry","BiomeGenBase","net/minecraft/src","1"
"ComponentVillage","sr","StructureComponent","net/minecraft/src","1"
"Packet1Login","nl","Packet","net/minecraft/src","1"
"StatTypeTime","br","","net/minecraft/src","1"
"IProgressUpdate","xk","","net/minecraft/src","1"
"EntityDragonBase","ui","EntityLiving","net/minecraft/src","1"
"InventoryCraftResult","vu","","net/minecraft/src","1"
"SaveOldDir","mi","PlayerNBTManager","net/minecraft/src","1"
"ItemHoe","ks","Item","net/minecraft/src","1"
"Packet54PlayNoteBlock","va","Packet","net/minecraft/src","1"
"BlockNetherrack","xt","Block","net/minecraft/src","1"
"IBlockAccess","wy","","net/minecraft/src","1"
"EntityEnderman","mb","EntityMob","net/minecraft/src","1"
"IPlayerFileData","ii","","net/minecraft/src","1"
"BlockRedstoneRepeater","wa","Block","net/minecraft/src","1"
"Packet2Handshake","ma","Packet","net/minecraft/src","1"
"ItemRecord","sn","Item","net/minecraft/src","1"
"WorldGenFlowers","bg","WorldGenerator","net/minecraft/src","1"
"BlockTallGrass","qv","BlockFlower","net/minecraft/src","1"
"ComponentStrongholdCrossing","up","ComponentStronghold","net/minecraft/src","1"
"ThreadedFileIOBase","ct","","net/minecraft/src","1"
"EntityFlying","wc","EntityLiving","net/minecraft/src","1"
"EnumCreatureAttribute","bq","","net/minecraft/src","1"
"RegionFileChunkBuffer","id","","net/minecraft/src","1"
"NetworkReaderThread","wu","","net/minecraft/src","1"
"MaterialPortal","of","Material","net/minecraft/src","1"
"Packet106Transaction","nv","Packet","net/minecraft/src","1"
"MovingObjectPosition","uc","","net/minecraft/src","1"
"BlockTNT","ai","Block","net/minecraft/src","1"
"Material","lg","","net/minecraft/src","1"
"ComponentNetherBridgeStraight","du","ComponentNetherBridgePiece","net/minecraft/src","1"
"BlockStationary","nh","BlockFluid","net/minecraft/src","1"
"ChunkPosition","vo","","net/minecraft/src","1"
"BlockLeavesBase","nb","Block","net/minecraft/src","1"
"NextTickListEntry","qa","","net/minecraft/src","1"
"InventoryCrafting","mc","","net/minecraft/src","1"
"ComponentStrongholdRightTurn","od","ComponentStrongholdLeftTurn","net/minecraft/src","1"
"EntityPigZombie","xj","EntityZombie","net/minecraft/src","1"
"Facing","vs","","net/minecraft/src","1"
"GenLayerSnow","az","GenLayer","net/minecraft/src","1"
"ItemStack","jb","","net/minecraft/src","1"
"ItemPotion","ft","Item","net/minecraft/src","1"
"Packet31RelEntityMove","rt","Packet30Entity","net/minecraft/src","1"
"SaveFormatOld","sl","","net/minecraft/src","1"
"MaterialWeb","jq","Material","net/minecraft/src","1"
"BlockFence","jv","Block","net/minecraft/src","1"
"MapGenStructure","qp","MapGenBase","net/minecraft/src","1"
"BlockLeaves","bm","BlockLeavesBase","net/minecraft/src","1"
"BlockNote","oy","BlockContainer","net/minecraft/src","1"
"BlockLockedChest","ki","Block","net/minecraft/src","1"
"BiomeGenDesert","rw","BiomeGenBase","net/minecraft/src","1"
"StructureVillagePieceWeight","ex","","net/minecraft/src","1"
"EnchantmentDigging","dq","Enchantment","net/minecraft/src","1"
"EnumDoorHelper","au","","net/minecraft/src","1"
"EntityFallingSand","jt","Entity","net/minecraft/src","1"
"ChunkFilePattern","qs","","net/minecraft/src","1"
"ItemEnderEye","ud","Item","net/minecraft/src","1"
"Packet28EntityVelocity","gu","Packet","net/minecraft/src","1"
"ComponentVillagePathGen","so","ComponentVillageRoadPiece","net/minecraft/src","1"
"MapGenStronghold","fz","MapGenStructure","net/minecraft/src","1"
"ServerWindowAdapter","ab","","net/minecraft/src","1"
"WorldGenDeadBush","kj","WorldGenerator","net/minecraft/src","1"
"ISaveHandler","wg","","net/minecraft/src","1"
"BlockFenceGate","tt","Block","net/minecraft/src","1"
"Packet130UpdateSign","td","Packet","net/minecraft/src","1"
"WorldProviderEnd","lb","WorldProvider","net/minecraft/src","1"
"ComponentNetherBridgeCrossing3","pm","ComponentNetherBridgePiece","net/minecraft/src","1"
"ItemPainting","xw","Item","net/minecraft/src","1"
"EnchantmentKnockback","pc","Enchantment","net/minecraft/src","1"
"WorldGenDungeons","ev","WorldGenerator","net/minecraft/src","1"
"WorldGenSand","gl","WorldGenerator","net/minecraft/src","1"
"BlockCactus","nz","Block","net/minecraft/src","1"
"PacketCount","vn","","net/minecraft/src","1"
"EntityPlayer","gz","EntityLiving","net/minecraft/src","1"
"ItemColored","wm","ItemBlock","net/minecraft/src","1"
"BiomeGenBase","kb","","net/minecraft/src","1"
"MaterialLiquid","rg","Material","net/minecraft/src","1"
"SaveConverterMcRegion","ho","SaveFormatOld","net/minecraft/src","1"
"Packet12PlayerLook","ug","Packet10Flying","net/minecraft/src","1"
"ContainerEnchantment","iq","Container","net/minecraft/src","1"
"Packet6SpawnPosition","qe","Packet","net/minecraft/src","1"
"BlockBreakable","jo","Block","net/minecraft/src","1"
"BiomeGenSnow","pb","BiomeGenBase","net/minecraft/src","1"
"IChunkProvider","co","","net/minecraft/src","1"
"TileEntityEndPortal","ci","TileEntity","net/minecraft/src","1"
"EntityXPOrb","cn","Entity","net/minecraft/src","1"
"ComponentStrongholdPortalRoom","lf","ComponentStronghold","net/minecraft/src","1"
"StructureBoundingBox","vb","","net/minecraft/src","1"
"BlockMushroom","sf","BlockFlower","net/minecraft/src","1"
"PathFinder","ge","","net/minecraft/src","1"
"EntityDragon","sy","EntityDragonBase","net/minecraft/src","1"
"WorldGenLakes","dm","WorldGenerator","net/minecraft/src","1"
"IUpdatePlayerListBox","fe","","net/minecraft/src","1"
"LongHashMapEntry","pv","","net/minecraft/src","1"
"RConThreadBase","uu","","net/minecraft/src","1"
"WorldGenLiquids","wx","WorldGenerator","net/minecraft/src","1"
"BlockObsidian","ff","BlockStone","net/minecraft/src","1"
"WorldGenTallGrass","ar","WorldGenerator","net/minecraft/src","1"
"Packet13PlayerLookMove","ey","Packet10Flying","net/minecraft/src","1"
"StructureStrongholdPieceWeight3","av","StructureStrongholdPieceWeight","net/minecraft/src","1"
"BlockIce","mv","BlockBreakable","net/minecraft/src","1"
"TileEntityMobSpawner","de","TileEntity","net/minecraft/src","1"
"Packet107CreativeSetSlot","dy","Packet","net/minecraft/src","1"
"PlayerInstance","al","","net/minecraft/src","1"
"ComponentStrongholdStairs2","w","ComponentStrongholdStairs","net/minecraft/src","1"
"EntityWolf","gs","EntityAnimal","net/minecraft/src","1"
"ItemDoor","ia","Item","net/minecraft/src","1"
"WorldInfo","eo","","net/minecraft/src","1"
"Packet","kf","","net/minecraft/src","1"
"EntitySnowball","cc","EntityThrowable","net/minecraft/src","1"
"ItemShears","bp","Item","net/minecraft/src","1"
"EntityVillager","fm","EntityCreature","net/minecraft/src","1"
"Entity","rn","","net/minecraft/src","1"
"StructureNetherBridgePieceWeight","rr","","net/minecraft/src","1"
"IChunkLoader","bh","","net/minecraft/src","1"
"EntitySnowmanBase","vz","EntityCreature","net/minecraft/src","1"
"BlockRedstoneOre","bw","Block","net/minecraft/src","1"
"StructureMineshaftPieces","iv","","net/minecraft/src","1"
"EnchantmentUntouching","ld","Enchantment","net/minecraft/src","1"
"NBTTagDouble","rv","NBTBase","net/minecraft/src","1"
"BlockDetectorRail","os","BlockRail","net/minecraft/src","1"
"ChatAllowedCharacters","fx","","net/minecraft/src","1"
"AxisAlignedBB","eu","","net/minecraft/src","1"
"WorldGenMinable","fr","WorldGenerator","net/minecraft/src","1"
"ItemBucketMilk","tm","Item","net/minecraft/src","1"
"ComponentNetherBridgeNetherStalkRoom","fc","ComponentNetherBridgePiece","net/minecraft/src","1"
"GenLayerVillageLandscape","sg","GenLayer","net/minecraft/src","1"
"TileEntitySign","xu","TileEntity","net/minecraft/src","1"
"ComponentStrongholdLeftTurn","sh","ComponentStronghold","net/minecraft/src","1"
"BlockStone","es","Block","net/minecraft/src","1"
"Packet100OpenWindow","iz","Packet","net/minecraft/src","1"
"ComponentNetherBridgeStairs","mw","ComponentNetherBridgePiece","net/minecraft/src","1"
"ComponentVillageWoodHut","yd","ComponentVillage","net/minecraft/src","1"
"Packet23VehicleSpawn","ro","Packet","net/minecraft/src","1"
"PathPoint","e","","net/minecraft/src","1"
"BiomeGenEnd","ie","BiomeGenBase","net/minecraft/src","1"
"EntitySlime","tn","EntityLiving","net/minecraft/src","1"
"Packet102WindowClick","pw","Packet","net/minecraft/src","1"
"ItemSoup","cd","ItemFood","net/minecraft/src","1"
"WorldGenSwamp","bk","WorldGenerator","net/minecraft/src","1"
"EntityEgg","uz","EntityThrowable","net/minecraft/src","1"
"ThreadLoginVerifier","eq","","net/minecraft/src","1"
"Packet43Experience","ky","Packet","net/minecraft/src","1"
"Packet27Position","pl","Packet","net/minecraft/src","1"
"EnumDoor","pt","","net/minecraft/src","1"
"GenLayerMushroomIsland","kd","GenLayer","net/minecraft/src","1"
"MaterialTransparent","lm","Material","net/minecraft/src","1"
"ISaveFormat","mz","","net/minecraft/src","1"
"ComponentMineshaftCorridor","rz","StructureComponent","net/minecraft/src","1"
"EntityItem","hp","Entity","net/minecraft/src","1"
"GenLayerRiverMix","vw","GenLayer","net/minecraft/src","1"
"NBTTagShort","tg","NBTBase","net/minecraft/src","1"
"EnumToolMaterial","by","","net/minecraft/src","1"
"BlockCake","th","Block","net/minecraft/src","1"
"ItemBoat","ua","Item","net/minecraft/src","1"
"BlockPressurePlate","bz","Block","net/minecraft/src","1"
"SpawnListEntry","bl","WeightedRandomChoice","net/minecraft/src","1"
"EntitySkeleton","ga","EntityMob","net/minecraft/src","1"
"BlockFluid","qr","Block","net/minecraft/src","1"
"EnchantmentProtection","qg","Enchantment","net/minecraft/src","1"
"PathEntity","dk","","net/minecraft/src","1"
"BlockSoulSand","nj","Block","net/minecraft/src","1"
"TileEntityPiston","tf","TileEntity","net/minecraft/src","1"
"BlockJukeBox","fw","BlockContainer","net/minecraft/src","1"
"StepSoundStone","an","StepSound","net/minecraft/src","1"
"ItemLilyPad","qm","ItemColored","net/minecraft/src","1"
"ItemSlab","er","ItemBlock","net/minecraft/src","1"
"Packet42RemoveEntityEffect","mx","Packet","net/minecraft/src","1"
"ItemPiston","pr","ItemBlock","net/minecraft/src","1"
"Packet4UpdateTime","hn","Packet","net/minecraft/src","1"
"EntityFishHook","lq","Entity","net/minecraft/src","1"
"EntityDamageSource","hi","DamageSource","net/minecraft/src","1"
"EnumArt","it","","net/minecraft/src","1"
"Packet29DestroyEntity","qw","Packet","net/minecraft/src","1"
"EnumSkyBlock","ei","","net/minecraft/src","1"
"GuiStatsComponent","kp","","net/minecraft/src","1"
"CompressedStreamTools","ax","","net/minecraft/src","1"
"BiomeCacheBlock","tb","","net/minecraft/src","1"
"ThreadedChunkLoader","oc","","net/minecraft/src","1"
"EntitySpider","cq","EntityMob","net/minecraft/src","1"
"StructureVillageStart","gg","StructureStart","net/minecraft/src","1"
"EntityMinecart","xv","Entity","net/minecraft/src","1"
"ItemSnowball","dn","Item","net/minecraft/src","1"
"EntityAnimal","bi","EntityCreature","net/minecraft/src","1"
"EntityPotion","bs","EntityThrowable","net/minecraft/src","1"
"IMob","fj","","net/minecraft/src","1"
"BlockDoor","ku","Block","net/minecraft/src","1"
"WatchableObject","lt","","net/minecraft/src","1"
"BlockCrops","mt","BlockFlower","net/minecraft/src","1"
"RecipesIngots","sk","","net/minecraft/src","1"
"StepSound","db","","net/minecraft/src","1"
"Packet7UseEntity","a","Packet","net/minecraft/src","1"
"RConUtils","io","","net/minecraft/src","1"
"Packet105UpdateProgressbar","mj","Packet","net/minecraft/src","1"
"BiomeGenMushroomIsland","ip","BiomeGenBase","net/minecraft/src","1"
"SlotCrafting","yg","Slot","net/minecraft/src","1"
"MapStorage","hf","","net/minecraft/src","1"
"RConConsoleSource","vj","","net/minecraft/src","1"
"StructureStrongholdPieceWeight","rl","","net/minecraft/src","1"
"WorldGenFire","xb","WorldGenerator","net/minecraft/src","1"
"BlockStep","ya","Block","net/minecraft/src","1"
"ThreadCommandReader","cy","","net/minecraft/src","1"
"StatBasic","xn","StatBase","net/minecraft/src","1"
"BlockRedstoneWire","rm","Block","net/minecraft/src","1"
"BlockGrass","wb","Block","net/minecraft/src","1"
"Explosion","py","","net/minecraft/src","1"
"ComponentStrongholdPrison","og","ComponentStronghold","net/minecraft/src","1"
"ItemEgg","lz","Item","net/minecraft/src","1"
"StructureVillagePieces","xr","","net/minecraft/src","1"
"BlockRail","ok","Block","net/minecraft/src","1"
"ComponentVillageChurch","ob","ComponentVillage","net/minecraft/src","1"
"ComponentNetherBridgeThrone","vd","ComponentNetherBridgePiece","net/minecraft/src","1"
"MapGenRavine","wo","MapGenBase","net/minecraft/src","1"
"BlockOre","mf","Block","net/minecraft/src","1"
"BiomeGenPlains","mu","BiomeGenBase","net/minecraft/src","1"
"DataWatcher","su","","net/minecraft/src","1"
"PotionHelper","km","","net/minecraft/src","1"
"Packet20NamedEntitySpawn","lw","Packet","net/minecraft/src","1"
"SlotBrewingStandIngredient","dd","Slot","net/minecraft/src","1"
"ItemCoal","qy","Item","net/minecraft/src","1"
"EntityEnderEye","ck","Entity","net/minecraft/src","1"
"Packet3Chat","op","Packet","net/minecraft/src","1"
"TileEntityBrewingStand","xx","TileEntity","net/minecraft/src","1"
"BlockMycelium","xi","Block","net/minecraft/src","1"
"EntityGiantZombie","nf","EntityMob","net/minecraft/src","1"
"RConThreadQuery","sv","RConThreadBase","net/minecraft/src","1"
"Packet38EntityStatus","jg","Packet","net/minecraft/src","1"
"ItemArmor","vf","Item","net/minecraft/src","1"
"EnumAction","jf","","net/minecraft/src","1"
"ItemInWorldManager","to","","net/minecraft/src","1"
"ComponentStrongholdStairs","ig","ComponentStronghold","net/minecraft/src","1"
"Packet33RelEntityMoveLook","pe","Packet30Entity","net/minecraft/src","1"
"AchievementMap","b","","net/minecraft/src","1"
"Potion","ir","","net/minecraft/src","1"
"ComponentVillageTorch","oe","ComponentVillage","net/minecraft/src","1"
"BlockSand","gv","Block","net/minecraft/src","1"
"StructureStrongholdStones","ue","StructurePieceBlockSelector","net/minecraft/src","1"
"WorldGenPumpkin","wl","WorldGenerator","net/minecraft/src","1"
"NBTTagCompound","ng","NBTBase","net/minecraft/src","1"
"WorldGenGlowStone2","rf","WorldGenerator","net/minecraft/src","1"
"Packet41EntityEffect","dx","Packet","net/minecraft/src","1"
"ComponentMineshaftCross","my","StructureComponent","net/minecraft/src","1"
"ICrafting","ej","","net/minecraft/src","1"
"ItemFishingRod","da","Item","net/minecraft/src","1"
"EntitySquid","xc","EntityWaterMob","net/minecraft/src","1"
"BiomeGenForest","qd","BiomeGenBase","net/minecraft/src","1"
"EntityCaveSpider","hl","EntitySpider","net/minecraft/src","1"
"MapGenCavesHell","ou","MapGenBase","net/minecraft/src","1"
"NBTTagFloat","q","NBTBase","net/minecraft/src","1"
"PotionEffect","ww","","net/minecraft/src","1"
"ComponentStrongholdStraight","nu","ComponentStronghold","net/minecraft/src","1"
"ComponentNetherBridgePiece","jh","StructureComponent","net/minecraft/src","1"
"TileEntityFurnace","rj","TileEntity","net/minecraft/src","1"
"EntityLiving","lk","Entity","net/minecraft/src","1"
"LayerIsland","oj","GenLayer","net/minecraft/src","1"
"ServerConfigurationManager","hv","","net/minecraft/src","1"
"IInvBasic","hz","","net/minecraft/src","1"
"TileEntityEnchantmentTable","cj","TileEntity","net/minecraft/src","1"
"ChunkLoader","sj","","net/minecraft/src","1"
"GenLayerIsland","cg","GenLayer","net/minecraft/src","1"
"BlockWeb","qq","Block","net/minecraft/src","1"
"ItemSapling","md","ItemBlock","net/minecraft/src","1"
"ComponentVillageField","p","ComponentVillage","net/minecraft/src","1"
"EmptyChunk","kz","Chunk","net/minecraft/src","1"
"ThreadServerApplication","cu","","net/minecraft/src","1"
"ComponentVillageField2","vc","ComponentVillage","net/minecraft/src","1"
"NBTTagString","wq","NBTBase","net/minecraft/src","1"
"ChunkBlockMap","uj","","net/minecraft/src","1"
"GenLayerRiver","hr","GenLayer","net/minecraft/src","1"
"ShapelessRecipes","sp","","net/minecraft/src","1"
"BlockSponge","wr","Block","net/minecraft/src","1"
"BlockStem","np","BlockFlower","net/minecraft/src","1"
"ItemMinecart","qn","Item","net/minecraft/src","1"
"BlockWorkbench","fo","Block","net/minecraft/src","1"
"Packet26EntityExpOrb","ot","Packet","net/minecraft/src","1"
"MapGenVillage","ao","MapGenStructure","net/minecraft/src","1"
"BiomeGenRiver","ml","BiomeGenBase","net/minecraft/src","1"
"Packet201PlayerInfo","ef","Packet","net/minecraft/src","1"
"EntityCreature","il","EntityLiving","net/minecraft/src","1"
"Teleporter","ti","","net/minecraft/src","1"
"BlockNetherStalk","xf","BlockFlower","net/minecraft/src","1"
"StructureStrongholdPieceWeight2","aw","StructureStrongholdPieceWeight","net/minecraft/src","1"
"MapColor","ec","","net/minecraft/src","1"
"StructureStrongholdPieces","jn","","net/minecraft/src","1"
"RailLogic","uo","","net/minecraft/src","1"
"MapCoord","bb","","net/minecraft/src","1"
"Achievement","ni","StatBase","net/minecraft/src","1"
"TileEntityRecordPlayer","en","TileEntity","net/minecraft/src","1"
"ComponentVillageHouse1","ve","ComponentVillage","net/minecraft/src","1"
"BiomeGenOcean","aq","BiomeGenBase","net/minecraft/src","1"
"NetServerHandler","kt","NetHandler","net/minecraft/src","1"
"BiomeDecorator","go","","net/minecraft/src","1"
"BlockDragonEgg","eb","Block","net/minecraft/src","1"
"ConsoleCommandHandler","sc","","net/minecraft/src","1"
"BlockPistonMoving","tk","BlockContainer","net/minecraft/src","1"
"Path","kv","","net/minecraft/src","1"
"RConThreadMain","pd","RConThreadBase","net/minecraft/src","1"
"Item","gw","","net/minecraft/src","1"
"TileEntity","oh","","net/minecraft/src","1"
"BlockFlowing","nx","BlockFluid","net/minecraft/src","1"
"ComponentStrongholdChestCorridor","gx","ComponentStronghold","net/minecraft/src","1"
"WorldGenTaiga1","pa","WorldGenerator","net/minecraft/src","1"
"InventoryPlayer","ja","","net/minecraft/src","1"
"Slot","gy","","net/minecraft/src","1"
"Direction","jj","","net/minecraft/src","1"
"ItemBed","lh","Item","net/minecraft/src","1"
"Packet108EnchantItem","oq","Packet","net/minecraft/src","1"
"EntityCreeper","gj","EntityMob","net/minecraft/src","1"
"Packet101CloseWindow","ly","Packet","net/minecraft/src","1"
"EntitySmallFireball","ux","EntityFireball","net/minecraft/src","1"
"Packet24MobSpawn","jl","Packet","net/minecraft/src","1"
"WorldManager","fn","","net/minecraft/src","1"
"ItemRedstone","ih","Item","net/minecraft/src","1"
"ThreadedChunkLoaderPending","xq","","net/minecraft/src","1"
"Packet14BlockDig","ju","Packet","net/minecraft/src","1"
"MapInfo","ri","","net/minecraft/src","1"
"ItemTool","dv","Item","net/minecraft/src","1"
"Container","ea","","net/minecraft/src","1"
"EntityPig","vr","EntityAnimal","net/minecraft/src","1"
"EnchantmentDurability","eg","Enchantment","net/minecraft/src","1"
"EntityMagmaCube","sm","EntitySlime","net/minecraft/src","1"
"Packet5PlayerInventory","r","Packet","net/minecraft/src","1"
"BlockBrewingStand","fh","BlockContainer","net/minecraft/src","1"
"NoiseGeneratorOctaves","sw","NoiseGenerator","net/minecraft/src","1"
"ItemBlock","cl","Item","net/minecraft/src","1"
"BlockPumpkin","fg","Block","net/minecraft/src","1"
"Packet30Entity","sz","Packet","net/minecraft/src","1"
"StructureNetherBridgePieces","lu","","net/minecraft/src","1"
"InventoryBasic","pq","","net/minecraft/src","1"
"ItemFood","yf","Item","net/minecraft/src","1"
"EnchantmentOxygen","ut","Enchantment","net/minecraft/src","1"
"EnchantmentWaterWorker","xh","Enchantment","net/minecraft/src","1"
"EntityThrowable","bc","Entity","net/minecraft/src","1"
"Packet255KickDisconnect","xz","Packet","net/minecraft/src","1"
"StatCrafting","st","StatBase","net/minecraft/src","1"
"ItemBow","qb","Item","net/minecraft/src","1"
"WorldGenBigTree","im","WorldGenerator","net/minecraft/src","1"
"ItemSeeds","ql","Item","net/minecraft/src","1"
"SlotBrewingStandPotion","lj","Slot","net/minecraft/src","1"
"WorldGenGlowStone1","gn","WorldGenerator","net/minecraft/src","1"
"IServer","vp","","net/minecraft/src","1"
"PlayerListBox","m","","net/minecraft/src","1"
"RecipesFood","no","","net/minecraft/src","1"
"ContainerDispenser","rh","Container","net/minecraft/src","1"
"BlockSnowBlock","ac","Block","net/minecraft/src","1"
"ComponentNetherBridgeEntrance","tv","ComponentNetherBridgePiece","net/minecraft/src","1"
"PlayerManager","wi","","net/minecraft/src","1"
"EntityGhast","bv","EntityFlying","net/minecraft/src","1"
"NBTTagLong","lx","NBTBase","net/minecraft/src","1"
"Empty3","om","","net/minecraft/src","1"
"Packet131MapData","aj","Packet","net/minecraft/src","1"
"StructureNetherBridgeEnd","ko","ComponentNetherBridgePiece","net/minecraft/src","1"
"EntityArrow","rk","Entity","net/minecraft/src","1"
"RegionFile","pj","","net/minecraft/src","1"
"ServerGuiCommandListener","ad","","net/minecraft/src","1"
"BlockRedstoneTorch","df","BlockTorch","net/minecraft/src","1"
"BlockButton","ns","Block","net/minecraft/src","1"
"BlockBed","ub","Block","net/minecraft/src","1"
"NoiseGeneratorPerlin","ap","NoiseGenerator","net/minecraft/src","1"
"StatCollector","dr","","net/minecraft/src","1"
"GenLayer","el","","net/minecraft/src","1"
"RegionFileCache","qk","","net/minecraft/src","1"
"ItemSpade","vh","ItemTool","net/minecraft/src","1"
"ComponentMineshaftRoom","h","StructureComponent","net/minecraft/src","1"
"EnumArmorMaterial","cx","","net/minecraft/src","1"
"ComponentVillageHouse4_Garden","gp","ComponentVillage","net/minecraft/src","1"
"ComponentNetherBridgeCorridor5","ne","ComponentNetherBridgePiece","net/minecraft/src","1"
"NBTTagEnd","kx","NBTBase","net/minecraft/src","1"
"EnchantmentData","on","WeightedRandomChoice","net/minecraft/src","1"
"GenLayerRiverInit","mp","GenLayer","net/minecraft/src","1"
"IStatType","vt","","net/minecraft/src","1"
"BlockPistonBase","jp","Block","net/minecraft/src","1"
"Packet8UpdateHealth","ew","Packet","net/minecraft/src","1"
"GuiLogFormatter","ic","","net/minecraft/src","1"
"CraftingManager","hq","","net/minecraft/src","1"
"FurnaceRecipes","fb","","net/minecraft/src","1"
"EntityTracker","uh","","net/minecraft/src","1"
"ComponentStrongholdStairsStraight","nk","ComponentStronghold","net/minecraft/src","1"
"EnumMovingObjectType","ji","","net/minecraft/src","1"
"ConsoleLogFormatter","vy","","net/minecraft/src","1"
"NBTTagByte","ps","NBTBase","net/minecraft/src","1"
"EnchantmentLootBonus","ol","Enchantment","net/minecraft/src","1"
"WorldGenForest","l","WorldGenerator","net/minecraft/src","1"
"StructureComponent","jx","","net/minecraft/src","1"
"BlockDirt","oa","Block","net/minecraft/src","1"
"EntityPlayerMP","fl","EntityPlayer","net/minecraft/src","1"
"ServerCommand","ay","","net/minecraft/src","1"
"WeightedRandom","tx","","net/minecraft/src","1"
"BlockCloth","ek","Block","net/minecraft/src","1"
"DamageSource","po","","net/minecraft/src","1"
"Packet15Place","ha","Packet","net/minecraft/src","1"
"Packet18Animation","na","Packet","net/minecraft/src","1"
"ComponentNetherBridgeCorridor","lo","ComponentNetherBridgePiece","net/minecraft/src","1"
"RecipesCrafting","jy","","net/minecraft/src","1"
"TileEntityNote","si","TileEntity","net/minecraft/src","1"
"ShapedRecipes","ix","","net/minecraft/src","1"
"WorldSettings","hg","","net/minecraft/src","1"
"EnumStatus","dc","","net/minecraft/src","1"
"EntityLightningBolt","d","EntityWeatherEffect","net/minecraft/src","1"
"StructurePieceTreasure","ib","WeightedRandomChoice","net/minecraft/src","1"
"GenLayerSmoothZoom","li","GenLayer","net/minecraft/src","1"
"EntityMooshroom","se","EntityCow","net/minecraft/src","1"
"BlockFarmland","um","Block","net/minecraft/src","1"
"ItemEnderPearl","ke","Item","net/minecraft/src","1"
"WorldProviderSurface","qi","WorldProvider","net/minecraft/src","1"
"RecipesDyes","mo","","net/minecraft/src","1"
"IThreadedFileIO","gm","","net/minecraft/src","1"
"Packet103SetSlot","hx","Packet","net/minecraft/src","1"
"Packet34EntityTeleport","qh","Packet","net/minecraft/src","1"
"NBTTagInt","ox","NBTBase","net/minecraft/src","1"
"Packet53BlockChange","ss","Packet","net/minecraft/src","1"
"SlotArmor","oz","Slot","net/minecraft/src","1"
"GuiLogOutputHandler","dt","","net/minecraft/src","1"
"Profiler","pf","","net/minecraft/src","1"
"World","fi","","net/minecraft/src","1"
"IWorldAccess","ow","","net/minecraft/src","1"
"EntityWeatherEffect","yh","Entity","net/minecraft/src","1"
"EntityTrackerEntry","hy","","net/minecraft/src","1"
"GenLayerZoom","eh","GenLayer","net/minecraft/src","1"
"EntitySheep","do","EntityAnimal","net/minecraft/src","1"
"ChunkCache","fa","","net/minecraft/src","1"
"Packet19EntityAction","sq","Packet","net/minecraft/src","1"
"INpc","us","","net/minecraft/src","1"
"MapGenWaterlily","ms","WorldGenerator","net/minecraft/src","1"
"IntCache","af","","net/minecraft/src","1"
"ChunkCoordIntPair","yi","","net/minecraft/src","1"
"ComponentVillageHouse2","di","ComponentVillage","net/minecraft/src","1"
"ItemReed","ln","Item","net/minecraft/src","1"
"ItemGlassBottle","sx","Item","net/minecraft/src","1"
"BlockContainer","qx","Block","net/minecraft/src","1"
"GenLayerSmooth","hh","GenLayer","net/minecraft/src","1"
"Packet52MultiBlockChange","wj","Packet","net/minecraft/src","1"
"NetworkMasterThread","ws","","net/minecraft/src","1"
"BlockMelon","fk","Block","net/minecraft/src","1"
"BlockChest","f","BlockContainer","net/minecraft/src","1"
"EnchantmentModifierLiving","xp","","net/minecraft/src","1"
"ComponentStronghold","hc","StructureComponent","net/minecraft/src","1"
"BlockStairs","rs","Block","net/minecraft/src","1"
"Packet21PickupSpawn","mn","Packet","net/minecraft/src","1"
"BlockClay","ra","Block","net/minecraft/src","1"
"SlotEnchantmentTable","x","InventoryBasic","net/minecraft/src","1"
"RecipeSorter","kn","","net/minecraft/src","1"
"StructureNetherBridgeStart","bd","StructureStart","net/minecraft/src","1"
"Vec3D","bx","","net/minecraft/src","1"
"Packet25EntityPainting","uy","Packet","net/minecraft/src","1"
"IAnimals","ah","","net/minecraft/src","1"
"Packet16BlockItemSwitch","hw","Packet","net/minecraft/src","1"
"NBTBase","ik","","net/minecraft/src","1"
"ContainerBrewingStand","je","Container","net/minecraft/src","1"
"ItemDye","kg","Item","net/minecraft/src","1"
"Packet104WindowItems","ka","Packet","net/minecraft/src","1"
"PotionHealth","ts","Potion","net/minecraft/src","1"
"EntitySnowman","u","EntitySnowmanBase","net/minecraft/src","1"
"PlayerNBTManager","fs","","net/minecraft/src","1"
"BlockFire","xy","Block","net/minecraft/src","1"
"BiomeCache","tz","","net/minecraft/src","1"
"ComponentStrongholdCorridor","nm","ComponentStronghold","net/minecraft/src","1"
"NetworkAcceptThread","qz","","net/minecraft/src","1"
"BlockTorch","un","Block","net/minecraft/src","1"
"StepSoundSand","ak","StepSound","net/minecraft/src","1"
"EnchantmentDamage","kl","Enchantment","net/minecraft/src","1"
"BlockEnchantmentTable","gr","BlockContainer","net/minecraft/src","1"
"BiomeEndDecorator","lv","BiomeDecorator","net/minecraft/src","1"
"ThreadSleepForever","cz","","net/minecraft/src","1"
"WorldGenerator","or","","net/minecraft/src","1"
"BlockGlass","fq","BlockBreakable","net/minecraft/src","1"
"ComponentNetherBridgeStartPiece","pk","ComponentNetherBridgeCrossing3","net/minecraft/src","1"
"WorldServerMulti","gt","WorldServer","net/minecraft/src","1"
"NetHandler","sd","","net/minecraft/src","1"
"EntitySilverfish","vl","EntityMob","net/minecraft/src","1"
"EnchantmentFireAspect","lc","Enchantment","net/minecraft/src","1"
"ConvertProgressUpdater","cv","","net/minecraft/src","1"
"Packet39AttachEntity","nc","Packet","net/minecraft/src","1"
"Packet50PreChunk","re","Packet","net/minecraft/src","1"
"ComponentNetherBridgeCorridor3","ye","ComponentNetherBridgePiece","net/minecraft/src","1"
"EnumCreatureType","la","","net/minecraft/src","1"
"SlotFurnace","ur","Slot","net/minecraft/src","1"
"WorldGenCactus","gf","WorldGenerator","net/minecraft/src","1"
"StatList","jk","","net/minecraft/src","1"
"Packet70Bed","ce","Packet","net/minecraft/src","1"
"ChunkFile","ee","","net/minecraft/src","1"
"GenLayerZoomVoronoi","kc","GenLayer","net/minecraft/src","1"
"MapGenMineshaft","xg","MapGenStructure","net/minecraft/src","1"
"NoiseGenerator","dj","","net/minecraft/src","1"
"WorldGenHellLava","pg","WorldGenerator","net/minecraft/src","1"
"Packet11PlayerPosition","ag","Packet10Flying","net/minecraft/src","1"
"MathHelper","in","","net/minecraft/src","1"
"BiomeGenHell","v","BiomeGenBase","net/minecraft/src","1"
"EntityMob","hb","EntityCreature","net/minecraft/src","1"
"BlockSandStone","qf","Block","net/minecraft/src","1"
"TileEntityDispenser","be","TileEntity","net/minecraft/src","1"
"ItemLeaves","tq","ItemBlock","net/minecraft/src","1"
"ContainerChest","cf","Container","net/minecraft/src","1"
"BlockReed","qj","Block","net/minecraft/src","1"
"ComponentNetherBridgeCrossing2","xl","ComponentNetherBridgePiece","net/minecraft/src","1"
"Packet254ServerPing","dw","Packet","net/minecraft/src","1"
"Chunk","le","","net/minecraft/src","1"
"GenLayerShore","is","GenLayer","net/minecraft/src","1"
"StructureStrongholdStart","uk","StructureStart","net/minecraft/src","1"
"EnumMobType","qu","","net/minecraft/src","1"
"NBTTagList","rp","NBTBase","net/minecraft/src","1"
"GenLayerTemperature","ph","GenLayer","net/minecraft/src","1"
"EnchantmentModifierDamage","kr","","net/minecraft/src","1"
"ItemSword","pi","Item","net/minecraft/src","1"
"ConsoleLogManager","hm","","net/minecraft/src","1"
"WorldProviderHell","vk","WorldProvider","net/minecraft/src","1"
"TileEntityChest","js","TileEntity","net/minecraft/src","1"
"WorldGenBigMushroom","vi","WorldGenerator","net/minecraft/src","1"
"BlockSapling","hk","BlockFlower","net/minecraft/src","1"
"Packet71Weather","fd","Packet","net/minecraft/src","1"
"WorldGenTrees","xs","WorldGenerator","net/minecraft/src","1"
"GenLayerZoomFuzzy","we","GenLayer","net/minecraft/src","1"
"Packet32EntityLook","rc","Packet30Entity","net/minecraft/src","1"
"IInventory","lp","","net/minecraft/src","1"
"StructureStart","tr","","net/minecraft/src","1"
"ContainerFurnace","bo","Container","net/minecraft/src","1"
"NetworkWriterThread","wv","","net/minecraft/src","1"
"GenLayerDownfallMix","ta","GenLayer","net/minecraft/src","1"
"ItemBucket","bf","Item","net/minecraft/src","1"
"BlockLog","uf","Block","net/minecraft/src","1"
"StatBase","uv","","net/minecraft/src","1"
"DragonPart","ed","Entity","net/minecraft/src","1"
"BlockOreStorage","n","Block","net/minecraft/src","1"
"NetworkListenThread","ep","","net/minecraft/src","1"
"WeightedRandomChoice","cp","","net/minecraft/src","1"
"RecipesWeapons","wp","","net/minecraft/src","1"
"ComponentVillageHouse3","gi","ComponentVillage","net/minecraft/src","1"
"EntityChicken","wk","EntityAnimal","net/minecraft/src","1"
"PlayerCapabilities","vv","","net/minecraft/src","1"
"ItemPickaxe","ba","ItemTool","net/minecraft/src","1"
"IEnchantmentModifier","y","","net/minecraft/src","1"
"ChunkCoordinates","bu","","net/minecraft/src","1"
"BlockVine","nw","Block","net/minecraft/src","1"
"ChunkFolderPattern","cm","","net/minecraft/src","1"
"AchievementList","et","","net/minecraft/src","1"
"IRecipe","dz","","net/minecraft/src","1"
"ChunkProviderHell","pp","","net/minecraft/src","1"
"WorldChunkManagerHell","hj","WorldChunkManager","net/minecraft/src","1"
"ItemMetadata","jm","ItemBlock","net/minecraft/src","1"
"BlockGravel","mm","BlockSand","net/minecraft/src","1"
"ItemAxe","ru","ItemTool","net/minecraft/src","1"
"EntityZombie","tu","EntityMob","net/minecraft/src","1"
"EntityEnderPearl","nd","EntityThrowable","net/minecraft/src","1"
"ChunkProvider","nt","","net/minecraft/src","1"
"ItemSign","ty","Item","net/minecraft/src","1"
"EnumEnchantmentType","pn","","net/minecraft/src","1"
"EntityWaterMob","at","EntityCreature","net/minecraft/src","1"
"WorldGenReed","iu","WorldGenerator","net/minecraft/src","1"
"StructureMineshaftStart","vm","StructureStart","net/minecraft/src","1"
"Packet17Sleep","jz","Packet","net/minecraft/src","1"
"ItemCloth","bj","ItemBlock","net/minecraft/src","1"
"BlockPortal","am","BlockBreakable","net/minecraft/src","1"
"BlockTrapDoor","ny","Block","net/minecraft/src","1"
"ItemMap","wd","ItemMapBase","net/minecraft/src","1"
"EntityTNTPrimed","pz","Entity","net/minecraft/src","1"
"RConThreadQueryAuth","g","","net/minecraft/src","1"
"EntityPainting","px","Entity","net/minecraft/src","1"
"Packet22Collect","dl","Packet","net/minecraft/src","1"
"BlockBookshelf","he","Block","net/minecraft/src","1"
"ItemAppleGold","yb","ItemFood","net/minecraft/src","1"
"BlockFurnace","rx","BlockContainer","net/minecraft/src","1"
"WorldProvider","wn","","net/minecraft/src","1"
"BlockSnow","jr","Block","net/minecraft/src","1"
"BlockEndPortalFrame","yc","Block","net/minecraft/src","1"
"BlockLever","xa","Block","net/minecraft/src","1"
"ComponentNetherBridgeCrossing","uw","ComponentNetherBridgePiece","net/minecraft/src","1"
"Packet10Flying","ij","Packet","net/minecraft/src","1"
"StatTypeDistance","bn","","net/minecraft/src","1"
"RecipesTools","hd","","net/minecraft/src","1"
"BlockLilyPad","gk","BlockFlower","net/minecraft/src","1"
"GenLayerDownfall","ul","GenLayer","net/minecraft/src","1"
"InventoryLargeChest","nr","","net/minecraft/src","1"
"MapGenBase","gd","","net/minecraft/src","1"
"BlockSign","te","BlockContainer","net/minecraft/src","1"
"NetLoginHandler","gq","NetHandler","net/minecraft/src","1"
"BlockMushroomCap","uq","Block","net/minecraft/src","1"
"MaterialLogic","as","Material","net/minecraft/src","1"
"ComponentStrongholdRoomCrossing","kk","ComponentStronghold","net/minecraft/src","1"
"BlockCauldron","fv","Block","net/minecraft/src","1"
"BiomeGenSwamp","sa","BiomeGenBase","net/minecraft/src","1"
"RConOutputStream","ez","","net/minecraft/src","1"
"GuiStatsListener","ll","","net/minecraft/src","1"
"Packet200Statistic","nq","Packet","net/minecraft/src","1"
"SpawnerAnimals","cs","","net/minecraft/src","1"
"WorldGenTaiga2","wf","WorldGenerator","net/minecraft/src","1"
"BlockSilverfish","pu","Block","net/minecraft/src","1"
"ContainerWorkbench","iw","Container","net/minecraft/src","1"
"NetworkManager","oo","","net/minecraft/src","1"
"PropertyManager","qt","","net/minecraft/src","1"
"ComponentVillageWell","ov","ComponentVillage","net/minecraft/src","1"
"ContainerPlayer","aa","Container","net/minecraft/src","1"
"EntityFireball","ch","Entity","net/minecraft/src","1"
"WorldChunkManager","xe","","net/minecraft/src","1"
"ComponentVillageHall","s","ComponentVillage","net/minecraft/src","1"
"BlockDeadBush","jc","BlockFlower","net/minecraft/src","1"
"ItemSaddle","rb","Item","net/minecraft/src","1"
"EnchantmentHelper","tc","","net/minecraft/src","1"
"StatTypeSimple","bt","","net/minecraft/src","1"
"Packet61DoorChange","fu","Packet","net/minecraft/src","1"
"EntityCow","ca","EntityAnimal","net/minecraft/src","1"
"Empty2","if","","net/minecraft/src","1"
"Enchantment","mq","","net/minecraft/src","1"
"MapGenNetherBridge","kh","MapGenStructure","net/minecraft/src","1"
"BlockDispenser","wz","BlockContainer","net/minecraft/src","1"
"BiomeGenTaiga","i","BiomeGenBase","net/minecraft/src","1"
"BlockPane","wh","Block","net/minecraft/src","1"
"BlockEndPortal","t","BlockContainer","net/minecraft/src","1"
"Packet51MapChunk","em","Packet","net/minecraft/src","1"
"ComponentVillageRoadPiece","cw","ComponentVillage","net/minecraft/src","1"
"Packet9Respawn","oi","Packet","net/minecraft/src","1"
"IntHashMapEntry","vx","","net/minecraft/src","1"
"IntHashMap","jw","","net/minecraft/src","1"
"ItemMapBase","cr","Item","net/minecraft/src","1"
"NibbleArray","vq","","net/minecraft/src","1"
"BlockStoneBrick","qc","Block","net/minecraft/src","1"
"EntityBoat","gh","Entity","net/minecraft/src","1"
"Block","tl","","net/minecraft/src","1"
"LongHashMap","gc","","net/minecraft/src","1"
"Packet40EntityMetadata","tp","Packet","net/minecraft/src","1"
"ComponentNetherBridgeCorridor4","mk","ComponentNetherBridgePiece","net/minecraft/src","1"
"ComponentNetherBridgeCorridor2","dh","ComponentNetherBridgePiece","net/minecraft/src","1"
"EntityBlaze","mh","EntityMob","net/minecraft/src","1"
"MapData","iy","WorldSavedData","net/minecraft/src","1"
"BlockFlower","vg","Block","net/minecraft/src","1"
"StringTranslate","mr","","net/minecraft/src","1"
"ThreadMonitorConnection","wt","","net/minecraft/src","1"
"ServerGUI","tw","","net/minecraft/src","1"
"ICommandListener","sb","","net/minecraft/src","1"
"BlockMobSpawner","dg","BlockContainer","net/minecraft/src","1"
"Packet0KeepAlive","ls","Packet","net/minecraft/src","1"
"Packet60Explosion","qo","Packet","net/minecraft/src","1"
"MinecraftException","tj","","net/minecraft/src","1"
"WorldSavedData","hs","","net/minecraft/src","1"
"RConThreadClient","o","RConThreadBase","net/minecraft/src","1"
"FoodStats","rd","","net/minecraft/src","1"
"ItemFlintAndSteel","xm","Item","net/minecraft/src","1"
"WorldGenSpikes","nn","WorldGenerator","net/minecraft/src","1"
"RedstoneUpdateInfo","xd","","net/minecraft/src","1"
"SlotEnchantment","c","Slot","net/minecraft/src","1"
"EntityDamageSourceIndirect","hu","EntityDamageSource","net/minecraft/src","1"
"StructurePieceBlockSelector","cb","","net/minecraft/src","1"
"MapGenCaves","rq","MapGenBase","net/minecraft/src","1"
"ChunkProviderServer","kw","","net/minecraft/src","1"
"EntityList","jd","","net/minecraft/src","1"
"BlockPistonExtension","k","Block","net/minecraft/src","1"
"ChunkProviderEnd","fy","","net/minecraft/src","1"
"ComponentMineshaftStairs","kq","StructureComponent","net/minecraft/src","1"
"BlockGlowStone","lr","Block","net/minecraft/src","1"
"WorldServer","fp","World","net/minecraft/src","1"
"ServerGuiFocusAdapter","ae","","net/minecraft/src","1"
"GenLayerTemperatureMix","dp","GenLayer","net/minecraft/src","1"
"NBTTagByteArray","ht","NBTBase","net/minecraft/src","1"
"ComponentVillageStartPiece","j","ComponentVillageWell","net/minecraft/src","1"
"ComponentStrongholdLibrary","mg","ComponentStronghold","net/minecraft/src","1"
"ChunkProviderGenerate","xo","","net/minecraft/src","1"
"WorldGenClay","me","WorldGenerator","net/minecraft/src","1"
"BlockLadder","ds","Block","net/minecraft/src","1"
"MinecraftServer","MinecraftServer","","net/minecraft/server","1"
