"name","notch","supername","package","side"
"ik","ik","","","0"
"Start","Start","","","0"
"Minecraft","Minecraft","","net/minecraft/client","0"
"MinecraftApplet","MinecraftApplet","","net/minecraft/client","0"
"Achievement","nu","StatBase","net/minecraft/src","0"
"AchievementList","en","","net/minecraft/src","0"
"AchievementMap","b","","net/minecraft/src","0"
"AxisAlignedBB","eo","","net/minecraft/src","0"
"BiomeGenBase","jz","","net/minecraft/src","0"
"BiomeGenDesert","fr","BiomeGenBase","net/minecraft/src","0"
"BiomeGenForest","qw","BiomeGenBase","net/minecraft/src","0"
"BiomeGenHell","s","BiomeGenBase","net/minecraft/src","0"
"BiomeGenRainforest","ya","BiomeGenBase","net/minecraft/src","0"
"BiomeGenSky","rt","BiomeGenBase","net/minecraft/src","0"
"BiomeGenSwamp","ta","BiomeGenBase","net/minecraft/src","0"
"BiomeGenTaiga","g","BiomeGenBase","net/minecraft/src","0"
"Block","un","","net/minecraft/src","0"
"BlockBed","uw","Block","net/minecraft/src","0"
"BlockBookshelf","gz","Block","net/minecraft/src","0"
"BlockBreakable","jm","Block","net/minecraft/src","0"
"BlockButton","oe","Block","net/minecraft/src","0"
"BlockCactus","on","Block","net/minecraft/src","0"
"BlockCake","ug","Block","net/minecraft/src","0"
"BlockChest","e","BlockContainer","net/minecraft/src","0"
"BlockClay","ru","Block","net/minecraft/src","0"
"BlockCloth","ec","Block","net/minecraft/src","0"
"BlockContainer","rr","Block","net/minecraft/src","0"
"BlockCrops","ne","BlockFlower","net/minecraft/src","0"
"BlockDeadBush","iy","BlockFlower","net/minecraft/src","0"
"BlockDetectorRail","pd","BlockRail","net/minecraft/src","0"
"BlockDirt","op","Block","net/minecraft/src","0"
"BlockDispenser","xh","BlockContainer","net/minecraft/src","0"
"BlockDoor","la","Block","net/minecraft/src","0"
"BlockFarmland","vd","Block","net/minecraft/src","0"
"BlockFence","js","Block","net/minecraft/src","0"
"BlockFire","yh","Block","net/minecraft/src","0"
"BlockFlower","vt","Block","net/minecraft/src","0"
"BlockFlowing","oi","BlockFluid","net/minecraft/src","0"
"BlockFluid","rk","Block","net/minecraft/src","0"
"BlockFurnace","sx","BlockContainer","net/minecraft/src","0"
"BlockGlass","fi","BlockBreakable","net/minecraft/src","0"
"BlockGlowStone","lu","Block","net/minecraft/src","0"
"BlockGrass","wg","Block","net/minecraft/src","0"
"BlockGravel","na","BlockSand","net/minecraft/src","0"
"BlockIce","ng","BlockBreakable","net/minecraft/src","0"
"BlockJukeBox","fm","BlockContainer","net/minecraft/src","0"
"BlockLadder","dn","Block","net/minecraft/src","0"
"BlockLeaves","bj","BlockLeavesBase","net/minecraft/src","0"
"BlockLeavesBase","nn","Block","net/minecraft/src","0"
"BlockLever","xi","Block","net/minecraft/src","0"
"BlockLockedChest","ko","Block","net/minecraft/src","0"
"BlockLog","uy","Block","net/minecraft/src","0"
"BlockMobSpawner","db","BlockContainer","net/minecraft/src","0"
"BlockMushroom","tg","BlockFlower","net/minecraft/src","0"
"BlockNetherrack","xz","Block","net/minecraft/src","0"
"BlockNote","pp","BlockContainer","net/minecraft/src","0"
"BlockObsidian","ez","BlockStone","net/minecraft/src","0"
"BlockOre","mp","Block","net/minecraft/src","0"
"BlockOreStorage","k","Block","net/minecraft/src","0"
"BlockPortal","aj","BlockBreakable","net/minecraft/src","0"
"BlockPressurePlate","bt","Block","net/minecraft/src","0"
"BlockPumpkin","fa","Block","net/minecraft/src","0"
"BlockRail","oy","Block","net/minecraft/src","0"
"BlockRedstoneOre","bq","Block","net/minecraft/src","0"
"BlockRedstoneRepeater","wf","Block","net/minecraft/src","0"
"BlockRedstoneTorch","cz","BlockTorch","net/minecraft/src","0"
"BlockRedstoneWire","sh","Block","net/minecraft/src","0"
"BlockReed","rd","Block","net/minecraft/src","0"
"BlockSand","gi","Block","net/minecraft/src","0"
"BlockSandStone","qy","Block","net/minecraft/src","0"
"BlockSapling","hc","BlockFlower","net/minecraft/src","0"
"BlockSign","ue","BlockContainer","net/minecraft/src","0"
"BlockSnow","jn","Block","net/minecraft/src","0"
"BlockSnowBlock","ab","Block","net/minecraft/src","0"
"BlockSoulSand","nw","Block","net/minecraft/src","0"
"BlockSponge","ww","Block","net/minecraft/src","0"
"BlockStairs","sn","Block","net/minecraft/src","0"
"BlockStationary","nt","BlockFluid","net/minecraft/src","0"
"BlockStep","yj","Block","net/minecraft/src","0"
"BlockStone","em","Block","net/minecraft/src","0"
"BlockTallGrass","rp","BlockFlower","net/minecraft/src","0"
"BlockTNT","ag","Block","net/minecraft/src","0"
"BlockTorch","ve","Block","net/minecraft/src","0"
"BlockTrapDoor","om","Block","net/minecraft/src","0"
"BlockWeb","ri","Block","net/minecraft/src","0"
"BlockWorkbench","fg","Block","net/minecraft/src","0"
"CanvasCrashReport","wm","","net/minecraft/src","0"
"CanvasIsomPreview","bc","","net/minecraft/src","0"
"CanvasMinecraftApplet","q","","net/minecraft/src","0"
"CanvasMojangLogo","fw","","net/minecraft/src","0"
"ChatAllowedCharacters","fn","","net/minecraft/src","0"
"ChatLine","sr","","net/minecraft/src","0"
"Chunk","li","","net/minecraft/src","0"
"ChunkBlockMap","va","","net/minecraft/src","0"
"ChunkCache","eu","","net/minecraft/src","0"
"ChunkCoordinates","bp","","net/minecraft/src","0"
"ChunkCoordIntPair","yp","","net/minecraft/src","0"
"ChunkFile","dx","","net/minecraft/src","0"
"ChunkFilePattern","rn","","net/minecraft/src","0"
"ChunkFolderPattern","ck","","net/minecraft/src","0"
"ChunkLoader","tj","","net/minecraft/src","0"
"ChunkPosition","vx","","net/minecraft/src","0"
"ChunkProvider","og","","net/minecraft/src","0"
"ChunkProviderClient","uo","","net/minecraft/src","0"
"ChunkProviderGenerate","xw","","net/minecraft/src","0"
"ChunkProviderHell","qj","","net/minecraft/src","0"
"ChunkProviderLoadOrGenerate","kt","","net/minecraft/src","0"
"ChunkProviderSky","ja","","net/minecraft/src","0"
"ClippingHelper","dp","","net/minecraft/src","0"
"ClippingHelperImpl","v","ClippingHelper","net/minecraft/src","0"
"CodecMus","il","","net/minecraft/src","0"
"ColorizerFoliage","je","","net/minecraft/src","0"
"ColorizerGrass","hx","","net/minecraft/src","0"
"ColorizerWater","hu","","net/minecraft/src","0"
"CompressedStreamTools","ar","","net/minecraft/src","0"
"Container","du","","net/minecraft/src","0"
"ContainerChest","cb","Container","net/minecraft/src","0"
"ContainerDispenser","sc","Container","net/minecraft/src","0"
"ContainerFurnace","bk","Container","net/minecraft/src","0"
"ContainerPlayer","z","Container","net/minecraft/src","0"
"ContainerWorkbench","iq","Container","net/minecraft/src","0"
"CraftingManager","hi","","net/minecraft/src","0"
"DataWatcher","ty","","net/minecraft/src","0"
"EffectRenderer","dl","","net/minecraft/src","0"
"Empty1","gu","","net/minecraft/src","0"
"Empty2","hz","","net/minecraft/src","0"
"EmptyChunk","le","Chunk","net/minecraft/src","0"
"Entity","si","","net/minecraft/src","0"
"EntityAnimal","bf","EntityCreature","net/minecraft/src","0"
"EntityArrow","sg","Entity","net/minecraft/src","0"
"EntityBoat","fx","Entity","net/minecraft/src","0"
"EntityBubbleFX","cp","EntityFX","net/minecraft/src","0"
"EntityChicken","wn","EntityAnimal","net/minecraft/src","0"
"EntityClientPlayerMP","tf","EntityPlayerSP","net/minecraft/src","0"
"EntityCow","bv","EntityAnimal","net/minecraft/src","0"
"EntityCreature","if","EntityLiving","net/minecraft/src","0"
"EntityCreeper","fz","EntityMob","net/minecraft/src","0"
"EntityDiggingFX","qi","EntityFX","net/minecraft/src","0"
"EntityEgg","vn","Entity","net/minecraft/src","0"
"EntityExplodeFX","gw","EntityFX","net/minecraft/src","0"
"EntityFallingSand","jq","Entity","net/minecraft/src","0"
"EntityFireball","cd","Entity","net/minecraft/src","0"
"EntityFish","lt","Entity","net/minecraft/src","0"
"EntityFlameFX","qp","EntityFX","net/minecraft/src","0"
"EntityFlying","wh","EntityLiving","net/minecraft/src","0"
"EntityFootStepFX","gj","EntityFX","net/minecraft/src","0"
"EntityFX","xn","Entity","net/minecraft/src","0"
"EntityGhast","bn","EntityFlying","net/minecraft/src","0"
"EntityGiantZombie","np","EntityMob","net/minecraft/src","0"
"EntityHeartFX","jy","EntityFX","net/minecraft/src","0"
"EntityItem","hj","Entity","net/minecraft/src","0"
"EntityLavaFX","fe","EntityFX","net/minecraft/src","0"
"EntityLightningBolt","c","EntityWeatherEffect","net/minecraft/src","0"
"EntityList","iz","","net/minecraft/src","0"
"EntityLiving","lo","Entity","net/minecraft/src","0"
"EntityMinecart","yc","Entity","net/minecraft/src","0"
"EntityMob","gx","EntityCreature","net/minecraft/src","0"
"EntityNoteFX","ad","EntityFX","net/minecraft/src","0"
"EntityOtherPlayerMP","xq","EntityPlayer","net/minecraft/src","0"
"EntityPainting","qq","Entity","net/minecraft/src","0"
"EntityPickupFX","ek","EntityFX","net/minecraft/src","0"
"EntityPig","vz","EntityAnimal","net/minecraft/src","0"
"EntityPigZombie","xr","EntityZombie","net/minecraft/src","0"
"EntityPlayer","gq","EntityLiving","net/minecraft/src","0"
"EntityPlayerSP","da","EntityPlayer","net/minecraft/src","0"
"EntityPortalFX","ol","EntityFX","net/minecraft/src","0"
"EntityRainFX","wu","EntityFX","net/minecraft/src","0"
"EntityReddustFX","ij","EntityFX","net/minecraft/src","0"
"EntityRenderer","pt","","net/minecraft/src","0"
"EntitySheep","dj","EntityAnimal","net/minecraft/src","0"
"EntitySkeleton","fp","EntityMob","net/minecraft/src","0"
"EntitySlime","up","EntityLiving","net/minecraft/src","0"
"EntitySlimeFX","ox","EntityFX","net/minecraft/src","0"
"EntitySmokeFX","xe","EntityFX","net/minecraft/src","0"
"EntitySnowball","bw","Entity","net/minecraft/src","0"
"EntitySnowShovelFX","mq","EntityFX","net/minecraft/src","0"
"EntitySorter","jl","","net/minecraft/src","0"
"EntitySpider","cl","EntityMob","net/minecraft/src","0"
"EntitySplashFX","st","EntityRainFX","net/minecraft/src","0"
"EntitySquid","xk","EntityWaterMob","net/minecraft/src","0"
"EntityTNTPrimed","qr","Entity","net/minecraft/src","0"
"EntityWaterMob","aq","EntityCreature","net/minecraft/src","0"
"EntityWeatherEffect","yl","Entity","net/minecraft/src","0"
"EntityWolf","gg","EntityAnimal","net/minecraft/src","0"
"EntityZombie","ur","EntityMob","net/minecraft/src","0"
"EnumArt","in","","net/minecraft/src","0"
"EnumCreatureType","lg","","net/minecraft/src","0"
"EnumJsonNodeType","as","","net/minecraft/src","0"
"EnumJsonNodeTypeMappingHelper","kv","","net/minecraft/src","0"
"EnumMobType","ro","","net/minecraft/src","0"
"EnumMovingObjectType","jd","","net/minecraft/src","0"
"EnumOptions","hr","","net/minecraft/src","0"
"EnumOptionsMappingHelper","fo","","net/minecraft/src","0"
"EnumOS1","jk","","net/minecraft/src","0"
"EnumOS2","oz","","net/minecraft/src","0"
"EnumOSMappingHelper","kj","","net/minecraft/src","0"
"EnumSkyBlock","dz","","net/minecraft/src","0"
"EnumStatus","cu","","net/minecraft/src","0"
"EnumToolMaterial","bs","","net/minecraft/src","0"
"Explosion","qs","","net/minecraft/src","0"
"FontRenderer","se","","net/minecraft/src","0"
"Frustrum","sm","","net/minecraft/src","0"
"FurnaceRecipes","ew","","net/minecraft/src","0"
"GameSettings","kr","","net/minecraft/src","0"
"GameWindowListener","kf","","net/minecraft/src","0"
"GLAllocation","gc","","net/minecraft/src","0"
"Gui","tw","","net/minecraft/src","0"
"GuiAchievement","vm","Gui","net/minecraft/src","0"
"GuiAchievements","xd","GuiScreen","net/minecraft/src","0"
"GuiButton","ka","Gui","net/minecraft/src","0"
"GuiChat","ga","GuiScreen","net/minecraft/src","0"
"GuiChest","hn","GuiContainer","net/minecraft/src","0"
"GuiConflictWarning","qd","GuiScreen","net/minecraft/src","0"
"GuiConnectFailed","ev","GuiScreen","net/minecraft/src","0"
"GuiConnecting","vp","GuiScreen","net/minecraft/src","0"
"GuiContainer","ia","GuiScreen","net/minecraft/src","0"
"GuiControls","uj","GuiScreen","net/minecraft/src","0"
"GuiCrafting","ok","GuiContainer","net/minecraft/src","0"
"GuiCreateWorld","fh","GuiScreen","net/minecraft/src","0"
"GuiDispenser","go","GuiContainer","net/minecraft/src","0"
"GuiDownloadTerrain","ge","GuiScreen","net/minecraft/src","0"
"GuiEditSign","xt","GuiScreen","net/minecraft/src","0"
"GuiErrorScreen","w","GuiScreen","net/minecraft/src","0"
"GuiFurnace","or","GuiContainer","net/minecraft/src","0"
"GuiGameOver","cf","GuiScreen","net/minecraft/src","0"
"GuiIngame","uk","Gui","net/minecraft/src","0"
"GuiIngameMenu","ov","GuiScreen","net/minecraft/src","0"
"GuiInventory","tz","GuiContainer","net/minecraft/src","0"
"GuiMainMenu","fs","GuiScreen","net/minecraft/src","0"
"GuiMultiplayer","lm","GuiScreen","net/minecraft/src","0"
"GuiOptions","cm","GuiScreen","net/minecraft/src","0"
"GuiParticle","ds","Gui","net/minecraft/src","0"
"GuiRenameWorld","jh","GuiScreen","net/minecraft/src","0"
"GuiScreen","cy","Gui","net/minecraft/src","0"
"GuiSelectWorld","rl","GuiScreen","net/minecraft/src","0"
"GuiSleepMP","gf","GuiChat","net/minecraft/src","0"
"GuiSlider","vr","GuiButton","net/minecraft/src","0"
"GuiSlot","lc","","net/minecraft/src","0"
"GuiSlotStats","is","GuiSlot","net/minecraft/src","0"
"GuiSlotStatsBlock","fy","GuiSlotStats","net/minecraft/src","0"
"GuiSlotStatsGeneral","sp","GuiSlot","net/minecraft/src","0"
"GuiSlotStatsItem","cg","GuiSlotStats","net/minecraft/src","0"
"GuiSmallButton","aa","GuiButton","net/minecraft/src","0"
"GuiStats","dt","GuiScreen","net/minecraft/src","0"
"GuiTextField","rj","Gui","net/minecraft/src","0"
"GuiTexturePacks","fq","GuiScreen","net/minecraft/src","0"
"GuiTexturePackSlot","dc","GuiSlot","net/minecraft/src","0"
"GuiUnused","cc","GuiScreen","net/minecraft/src","0"
"GuiVideoSettings","nf","GuiScreen","net/minecraft/src","0"
"GuiWorldSlot","mb","GuiSlot","net/minecraft/src","0"
"GuiYesNo","qo","GuiScreen","net/minecraft/src","0"
"IBlockAccess","xg","","net/minecraft/src","0"
"ICamera","ye","","net/minecraft/src","0"
"IChunkLoader","be","","net/minecraft/src","0"
"IChunkProvider","cj","","net/minecraft/src","0"
"ICrafting","ea","","net/minecraft/src","0"
"IInvBasic","ht","","net/minecraft/src","0"
"IInventory","ls","","net/minecraft/src","0"
"ImageBuffer","nb","","net/minecraft/src","0"
"ImageBufferDownload","rm","","net/minecraft/src","0"
"IMob","fd","","net/minecraft/src","0"
"InventoryBasic","qk","","net/minecraft/src","0"
"InventoryCrafting","mm","","net/minecraft/src","0"
"InventoryCraftResult","wc","","net/minecraft/src","0"
"InventoryLargeChest","oc","","net/minecraft/src","0"
"InventoryPlayer","iu","","net/minecraft/src","0"
"IProgressUpdate","xs","","net/minecraft/src","0"
"IRecipe","dr","","net/minecraft/src","0"
"ISaveFormat","nh","","net/minecraft/src","0"
"ISaveHandler","wk","","net/minecraft/src","0"
"IsoImageBuffer","qz","","net/minecraft/src","0"
"IStatStringFormat","gr","","net/minecraft/src","0"
"IStatType","wb","","net/minecraft/src","0"
"Item","gk","","net/minecraft/src","0"
"ItemArmor","vs","Item","net/minecraft/src","0"
"ItemAxe","sv","ItemTool","net/minecraft/src","0"
"ItemBed","ll","Item","net/minecraft/src","0"
"ItemBlock","ci","Item","net/minecraft/src","0"
"ItemBoat","uv","Item","net/minecraft/src","0"
"ItemBow","qu","Item","net/minecraft/src","0"
"ItemBucket","bb","Item","net/minecraft/src","0"
"ItemCloth","bh","ItemBlock","net/minecraft/src","0"
"ItemCoal","rs","Item","net/minecraft/src","0"
"ItemCookie","qg","ItemFood","net/minecraft/src","0"
"ItemDoor","hs","Item","net/minecraft/src","0"
"ItemDye","ki","Item","net/minecraft/src","0"
"ItemEgg","mk","Item","net/minecraft/src","0"
"ItemFishingRod","cq","Item","net/minecraft/src","0"
"ItemFlintAndSteel","xv","Item","net/minecraft/src","0"
"ItemFood","yn","Item","net/minecraft/src","0"
"ItemHoe","kw","Item","net/minecraft/src","0"
"ItemLog","gm","ItemBlock","net/minecraft/src","0"
"ItemMap","wi","ItemMapBase","net/minecraft/src","0"
"ItemMapBase","cn","Item","net/minecraft/src","0"
"ItemMinecart","rg","Item","net/minecraft/src","0"
"ItemPainting","yd","Item","net/minecraft/src","0"
"ItemPickaxe","at","ItemTool","net/minecraft/src","0"
"ItemRecord","tm","Item","net/minecraft/src","0"
"ItemRedstone","ib","Item","net/minecraft/src","0"
"ItemReed","lr","Item","net/minecraft/src","0"
"ItemRenderer","qv","","net/minecraft/src","0"
"ItemSaddle","rv","Item","net/minecraft/src","0"
"ItemSapling","mn","ItemBlock","net/minecraft/src","0"
"ItemSeeds","rf","Item","net/minecraft/src","0"
"ItemSign","uu","Item","net/minecraft/src","0"
"ItemSlab","el","ItemBlock","net/minecraft/src","0"
"ItemSnowball","dk","Item","net/minecraft/src","0"
"ItemSoup","bx","ItemFood","net/minecraft/src","0"
"ItemSpade","vu","ItemTool","net/minecraft/src","0"
"ItemStack","iw","","net/minecraft/src","0"
"ItemSword","pz","Item","net/minecraft/src","0"
"ItemTool","do","Item","net/minecraft/src","0"
"IWorldAccess","pi","","net/minecraft/src","0"
"J_ArrayNodeContainer","mw","","net/minecraft/src","0"
"J_ChainedFunctor","i","","net/minecraft/src","0"
"J_CompactJsonFormatter","ej","","net/minecraft/src","0"
"J_FieldNodeContainer","my","","net/minecraft/src","0"
"J_Functor","yg","","net/minecraft/src","0"
"J_InvalidSyntaxException","wv","","net/minecraft/src","0"
"J_JdomParser","hv","","net/minecraft/src","0"
"J_JsonArray","oa","J_JsonRootNode","net/minecraft/src","0"
"J_JsonArrayNodeBuilder","eb","","net/minecraft/src","0"
"J_JsonArrayNodeSelector","kb","J_LeafFunctor","net/minecraft/src","0"
"J_JsonConstants","vf","J_JsonNode","net/minecraft/src","0"
"J_JsonElementNodeSelector","qc","J_LeafFunctor","net/minecraft/src","0"
"J_JsonEscapedString","yk","","net/minecraft/src","0"
"J_JsonFalseNodeBuilder","tt","","net/minecraft/src","0"
"J_JsonFieldBuilder","pj","","net/minecraft/src","0"
"J_JsonFieldNodeSelector","qe","J_LeafFunctor","net/minecraft/src","0"
"J_JsonFormatter","mf","","net/minecraft/src","0"
"J_JsonListener","vy","","net/minecraft/src","0"
"J_JsonListenerToJdomAdapter","lp","","net/minecraft/src","0"
"J_JsonNode","gs","","net/minecraft/src","0"
"J_JsonNodeBuilder","kx","","net/minecraft/src","0"
"J_JsonNodeBuilders","sz","","net/minecraft/src","0"
"J_JsonNodeDoesNotMatchChainedJsonNodeSelectorException","mv","J_JsonNodeDoesNotMatchJsonNodeSelectorException","net/minecraft/src","0"
"J_JsonNodeDoesNotMatchJsonNodeSelectorException","ac","","net/minecraft/src","0"
"J_JsonNodeDoesNotMatchPathElementsException","an","J_JsonNodeDoesNotMatchJsonNodeSelectorException","net/minecraft/src","0"
"J_JsonNodeFactories","oh","","net/minecraft/src","0"
"J_JsonNodeList","x","","net/minecraft/src","0"
"J_JsonNodeSelector","jp","","net/minecraft/src","0"
"J_JsonNodeSelectors","jw","","net/minecraft/src","0"
"J_JsonNullNodeBuilder","tx","","net/minecraft/src","0"
"J_JsonNumberNode","ix","J_JsonNode","net/minecraft/src","0"
"J_JsonNumberNodeBuilder","ny","","net/minecraft/src","0"
"J_JsonObject","kn","J_JsonRootNode","net/minecraft/src","0"
"J_JsonObjectNodeBuilder","ss","","net/minecraft/src","0"
"J_JsonObjectNodeList","ou","","net/minecraft/src","0"
"J_JsonObjectNodeSelector","qb","J_LeafFunctor","net/minecraft/src","0"
"J_JsonRootNode","qa","J_JsonNode","net/minecraft/src","0"
"J_JsonStringNode","pw","J_JsonNode","net/minecraft/src","0"
"J_JsonStringNodeBuilder","f","","net/minecraft/src","0"
"J_JsonStringNodeSelector","kg","J_LeafFunctor","net/minecraft/src","0"
"J_JsonTrueNodeBuilder","tv","","net/minecraft/src","0"
"J_LeafFunctor","az","","net/minecraft/src","0"
"J_NodeContainer","pq","","net/minecraft/src","0"
"J_ObjectNodeContainer","mu","","net/minecraft/src","0"
"J_PositionTrackingPushbackReader","lf","","net/minecraft/src","0"
"J_SajParser","am","","net/minecraft/src","0"
"J_ThingWithPosition","er","","net/minecraft/src","0"
"KeyBinding","px","","net/minecraft/src","0"
"LoadingScreenRenderer","mg","","net/minecraft/src","0"
"MapColor","dv","","net/minecraft/src","0"
"MapCoord","aw","","net/minecraft/src","0"
"MapData","ir","MapDataBase","net/minecraft/src","0"
"MapDataBase","hk","","net/minecraft/src","0"
"MapGenBase","ft","","net/minecraft/src","0"
"MapGenCaves","sl","MapGenBase","net/minecraft/src","0"
"MapGenCavesHell","pg","MapGenBase","net/minecraft/src","0"
"MapInfo","sd","","net/minecraft/src","0"
"MapItemRenderer","iv","","net/minecraft/src","0"
"MapStorage","ha","","net/minecraft/src","0"
"Material","lj","","net/minecraft/src","0"
"MaterialLiquid","sb","Material","net/minecraft/src","0"
"MaterialLogic","ap","Material","net/minecraft/src","0"
"MaterialPortal","oq","Material","net/minecraft/src","0"
"MaterialTransparent","lq","Material","net/minecraft/src","0"
"MathHelper","ik","","net/minecraft/src","0"
"MCHash","jt","","net/minecraft/src","0"
"MCHashEntry","wd","","net/minecraft/src","0"
"McRegionChunkLoader","kz","","net/minecraft/src","0"
"MD5String","hd","","net/minecraft/src","0"
"MetadataChunkBlock","so","","net/minecraft/src","0"
"MinecraftAppletImpl","p","Minecraft","net/minecraft/src","0"
"MinecraftError","xo","","net/minecraft/src","0"
"MinecraftException","um","","net/minecraft/src","0"
"MinecraftImpl","km","Minecraft","net/minecraft/src","0"
"ModelBase","kk","","net/minecraft/src","0"
"ModelBed","jg","","net/minecraft/src","0"
"ModelBiped","ff","ModelBase","net/minecraft/src","0"
"ModelBoat","ex","ModelBase","net/minecraft/src","0"
"ModelChicken","sy","ModelBase","net/minecraft/src","0"
"ModelCow","hf","ModelQuadruped","net/minecraft/src","0"
"ModelCreeper","ii","ModelBase","net/minecraft/src","0"
"ModelGhast","lk","ModelBase","net/minecraft/src","0"
"ModelMinecart","nm","ModelBase","net/minecraft/src","0"
"ModelPig","ef","ModelQuadruped","net/minecraft/src","0"
"ModelQuadruped","nj","ModelBase","net/minecraft/src","0"
"ModelRenderer","po","","net/minecraft/src","0"
"ModelSheep1","dy","ModelQuadruped","net/minecraft/src","0"
"ModelSheep2","ms","ModelQuadruped","net/minecraft/src","0"
"ModelSkeleton","ky","ModelZombie","net/minecraft/src","0"
"ModelSlime","nk","ModelBase","net/minecraft/src","0"
"ModelSpider","rx","ModelBase","net/minecraft/src","0"
"ModelSquid","we","ModelBase","net/minecraft/src","0"
"ModelWolf","n","ModelBase","net/minecraft/src","0"
"ModelZombie","eh","ModelBiped","net/minecraft/src","0"
"MouseFilter","cs","","net/minecraft/src","0"
"MouseHelper","vq","","net/minecraft/src","0"
"MovementInput","ui","","net/minecraft/src","0"
"MovementInputFromOptions","ln","MovementInput","net/minecraft/src","0"
"MovingObjectPosition","ux","","net/minecraft/src","0"
"MusInputStream","nl","","net/minecraft/src","0"
"NBTBase","ig","","net/minecraft/src","0"
"NBTTagByte","ql","NBTBase","net/minecraft/src","0"
"NBTTagByteArray","hl","NBTBase","net/minecraft/src","0"
"NBTTagCompound","nq","NBTBase","net/minecraft/src","0"
"NBTTagDouble","su","NBTBase","net/minecraft/src","0"
"NBTTagEnd","ld","NBTBase","net/minecraft/src","0"
"NBTTagFloat","o","NBTBase","net/minecraft/src","0"
"NBTTagInt","pl","NBTBase","net/minecraft/src","0"
"NBTTagList","sk","NBTBase","net/minecraft/src","0"
"NBTTagLong","md","NBTBase","net/minecraft/src","0"
"NBTTagShort","uf","NBTBase","net/minecraft/src","0"
"NBTTagString","ws","NBTBase","net/minecraft/src","0"
"NetClientHandler","mx","NetHandler","net/minecraft/src","0"
"NetHandler","td","","net/minecraft/src","0"
"NetworkManager","pb","","net/minecraft/src","0"
"NetworkMasterThread","wx","","net/minecraft/src","0"
"NetworkReaderThread","xa","","net/minecraft/src","0"
"NetworkWriterThread","xc","","net/minecraft/src","0"
"NextTickListEntry","qt","","net/minecraft/src","0"
"NibbleArray","wa","","net/minecraft/src","0"
"NoiseGenerator","dd","","net/minecraft/src","0"
"NoiseGenerator2","ca","","net/minecraft/src","0"
"NoiseGeneratorOctaves","ua","NoiseGenerator","net/minecraft/src","0"
"NoiseGeneratorOctaves2","ub","NoiseGenerator","net/minecraft/src","0"
"NoiseGeneratorPerlin","al","NoiseGenerator","net/minecraft/src","0"
"OpenGlCapsChecker","cv","","net/minecraft/src","0"
"OsMap","tp","","net/minecraft/src","0"
"Packet","ke","","net/minecraft/src","0"
"Packet0KeepAlive","lv","Packet","net/minecraft/src","0"
"Packet100OpenWindow","it","Packet","net/minecraft/src","0"
"Packet101CloseWindow","mj","Packet","net/minecraft/src","0"
"Packet102WindowClick","qn","Packet","net/minecraft/src","0"
"Packet103SetSlot","ho","Packet","net/minecraft/src","0"
"Packet104WindowItems","jx","Packet","net/minecraft/src","0"
"Packet105UpdateProgressbar","mr","Packet","net/minecraft/src","0"
"Packet106Transaction","of","Packet","net/minecraft/src","0"
"Packet10Flying","id","Packet","net/minecraft/src","0"
"Packet11PlayerPosition","ae","Packet10Flying","net/minecraft/src","0"
"Packet12PlayerLook","uz","Packet10Flying","net/minecraft/src","0"
"Packet130UpdateSign","ud","Packet","net/minecraft/src","0"
"Packet131MapData","ah","Packet","net/minecraft/src","0"
"Packet13PlayerLookMove","et","Packet10Flying","net/minecraft/src","0"
"Packet14BlockDig","jr","Packet","net/minecraft/src","0"
"Packet15Place","gv","Packet","net/minecraft/src","0"
"Packet16BlockItemSwitch","hm","Packet","net/minecraft/src","0"
"Packet17Sleep","jv","Packet","net/minecraft/src","0"
"Packet18Animation","ni","Packet","net/minecraft/src","0"
"Packet19EntityAction","tn","Packet","net/minecraft/src","0"
"Packet1Login","nv","Packet","net/minecraft/src","0"
"Packet200Statistic","ob","Packet","net/minecraft/src","0"
"Packet20NamedEntitySpawn","me","Packet","net/minecraft/src","0"
"Packet21PickupSpawn","mz","Packet","net/minecraft/src","0"
"Packet22Collect","dg","Packet","net/minecraft/src","0"
"Packet23VehicleSpawn","sj","Packet","net/minecraft/src","0"
"Packet24MobSpawn","jj","Packet","net/minecraft/src","0"
"Packet255KickDisconnect","yi","Packet","net/minecraft/src","0"
"Packet25EntityPainting","vl","Packet","net/minecraft/src","0"
"Packet27Position","qh","Packet","net/minecraft/src","0"
"Packet28EntityVelocity","gh","Packet","net/minecraft/src","0"
"Packet29DestroyEntity","rq","Packet","net/minecraft/src","0"
"Packet2Handshake","ml","Packet","net/minecraft/src","0"
"Packet30Entity","uc","Packet","net/minecraft/src","0"
"Packet31RelEntityMove","sq","Packet30Entity","net/minecraft/src","0"
"Packet32EntityLook","rw","Packet30Entity","net/minecraft/src","0"
"Packet33RelEntityMoveLook","pv","Packet30Entity","net/minecraft/src","0"
"Packet34EntityTeleport","rb","Packet","net/minecraft/src","0"
"Packet38EntityStatus","jc","Packet","net/minecraft/src","0"
"Packet39AttachEntity","no","Packet","net/minecraft/src","0"
"Packet3Chat","pa","Packet","net/minecraft/src","0"
"Packet40EntityMetadata","uq","Packet","net/minecraft/src","0"
"Packet4UpdateTime","he","Packet","net/minecraft/src","0"
"Packet50PreChunk","rz","Packet","net/minecraft/src","0"
"Packet51MapChunk","ed","Packet","net/minecraft/src","0"
"Packet52MultiBlockChange","wl","Packet","net/minecraft/src","0"
"Packet53BlockChange","tq","Packet","net/minecraft/src","0"
"Packet54PlayNoteBlock","vo","Packet","net/minecraft/src","0"
"Packet5PlayerInventory","r","Packet","net/minecraft/src","0"
"Packet60Explosion","rh","Packet","net/minecraft/src","0"
"Packet61DoorChange","fl","Packet","net/minecraft/src","0"
"Packet6SpawnPosition","qx","Packet","net/minecraft/src","0"
"Packet70Bed","by","Packet","net/minecraft/src","0"
"Packet71Weather","ey","Packet","net/minecraft/src","0"
"Packet7UseEntity","a","Packet","net/minecraft/src","0"
"Packet8UpdateHealth","es","Packet","net/minecraft/src","0"
"Packet9Respawn","ot","Packet","net/minecraft/src","0"
"PacketCounter","nr","","net/minecraft/src","0"
"PanelCrashReport","bz","","net/minecraft/src","0"
"Particle","ks","","net/minecraft/src","0"
"Path","lb","","net/minecraft/src","0"
"PathEntity","df","","net/minecraft/src","0"
"Pathfinder","fu","","net/minecraft/src","0"
"PathPoint","d","","net/minecraft/src","0"
"PlayerController","nx","","net/minecraft/src","0"
"PlayerControllerMP","xb","PlayerController","net/minecraft/src","0"
"PlayerControllerSP","oo","PlayerController","net/minecraft/src","0"
"PlayerControllerTest","pf","PlayerController","net/minecraft/src","0"
"PositionTextureVertex","hy","","net/minecraft/src","0"
"RailLogic","vg","","net/minecraft/src","0"
"RecipesArmor","y","","net/minecraft/src","0"
"RecipesCrafting","ju","","net/minecraft/src","0"
"RecipesDyes","nc","","net/minecraft/src","0"
"RecipesFood","nz","","net/minecraft/src","0"
"RecipesIngots","tk","","net/minecraft/src","0"
"RecipeSorter","ku","","net/minecraft/src","0"
"RecipesTools","gy","","net/minecraft/src","0"
"RecipesWeapons","wt","","net/minecraft/src","0"
"RedstoneUpdateInfo","xl","","net/minecraft/src","0"
"RegionFile","qf","","net/minecraft/src","0"
"RegionFileCache","re","","net/minecraft/src","0"
"RegionFileChunkBuffer","hw","","net/minecraft/src","0"
"Render","bu","","net/minecraft/src","0"
"RenderArrow","ly","Render","net/minecraft/src","0"
"RenderBiped","u","RenderLiving","net/minecraft/src","0"
"RenderBlocks","ct","","net/minecraft/src","0"
"RenderBoat","fc","Render","net/minecraft/src","0"
"RenderChicken","im","RenderLiving","net/minecraft/src","0"
"RenderCow","us","RenderLiving","net/minecraft/src","0"
"RenderCreeper","l","RenderLiving","net/minecraft/src","0"
"RenderEngine","jf","","net/minecraft/src","0"
"RenderEntity","lx","Render","net/minecraft/src","0"
"RenderFallingSand","gl","Render","net/minecraft/src","0"
"RenderFireball","kh","Render","net/minecraft/src","0"
"RenderFish","ph","Render","net/minecraft/src","0"
"RenderGhast","pm","RenderLiving","net/minecraft/src","0"
"RenderGiantZombie","xx","RenderLiving","net/minecraft/src","0"
"RenderGlobal","m","","net/minecraft/src","0"
"RenderHelper","t","","net/minecraft/src","0"
"RenderItem","ba","Render","net/minecraft/src","0"
"RenderLightningBolt","pe","Render","net/minecraft/src","0"
"RenderList","tb","","net/minecraft/src","0"
"RenderLiving","gt","Render","net/minecraft/src","0"
"RenderManager","tc","","net/minecraft/src","0"
"RenderMinecart","sw","Render","net/minecraft/src","0"
"RenderPainting","dw","Render","net/minecraft/src","0"
"RenderPig","ma","RenderLiving","net/minecraft/src","0"
"RenderPlayer","dq","RenderLiving","net/minecraft/src","0"
"RenderSheep","xp","RenderLiving","net/minecraft/src","0"
"RenderSlime","mh","RenderLiving","net/minecraft/src","0"
"RenderSnowball","de","Render","net/minecraft/src","0"
"RenderSorter","lz","","net/minecraft/src","0"
"RenderSpider","yo","RenderLiving","net/minecraft/src","0"
"RenderSquid","eq","RenderLiving","net/minecraft/src","0"
"RenderTNTPrimed","oj","Render","net/minecraft/src","0"
"RenderWolf","vw","RenderLiving","net/minecraft/src","0"
"SaveConverterMcRegion","hg","SaveFormatOld","net/minecraft/src","0"
"SaveFormatComparator","ut","","net/minecraft/src","0"
"SaveFormatOld","tl","","net/minecraft/src","0"
"SaveHandler","fk","","net/minecraft/src","0"
"SaveHandlerMP","wp","","net/minecraft/src","0"
"SaveOldDir","mt","SaveHandler","net/minecraft/src","0"
"ScaledResolution","qm","","net/minecraft/src","0"
"ScreenShotHelper","hh","","net/minecraft/src","0"
"Session","gp","","net/minecraft/src","0"
"ShapedRecipes","ip","","net/minecraft/src","0"
"ShapelessRecipes","to","","net/minecraft/src","0"
"SignModel","ra","","net/minecraft/src","0"
"Slot","gn","","net/minecraft/src","0"
"SlotArmor","pr","Slot","net/minecraft/src","0"
"SlotCrafting","ym","Slot","net/minecraft/src","0"
"SlotFurnace","vi","Slot","net/minecraft/src","0"
"SorterStatsBlock","pn","","net/minecraft/src","0"
"SorterStatsItem","gd","","net/minecraft/src","0"
"SoundManager","yf","","net/minecraft/src","0"
"SoundPool","hp","","net/minecraft/src","0"
"SoundPoolEntry","bg","","net/minecraft/src","0"
"SpawnerAnimals","co","","net/minecraft/src","0"
"SpawnListEntry","bi","","net/minecraft/src","0"
"StatBase","vj","","net/minecraft/src","0"
"StatBasic","xu","StatBase","net/minecraft/src","0"
"StatCollector","dm","","net/minecraft/src","0"
"StatCrafting","tr","StatBase","net/minecraft/src","0"
"StatFileWriter","wz","","net/minecraft/src","0"
"StatList","ji","","net/minecraft/src","0"
"StatsSyncher","ch","","net/minecraft/src","0"
"StatStringFormatKeyInv","kd","","net/minecraft/src","0"
"StatTypeDistance","bl","","net/minecraft/src","0"
"StatTypeSimple","bo","","net/minecraft/src","0"
"StatTypeTime","bm","","net/minecraft/src","0"
"StepSound","cr","","net/minecraft/src","0"
"StepSoundSand","ai","StepSound","net/minecraft/src","0"
"StepSoundStone","ak","StepSound","net/minecraft/src","0"
"StringTranslate","nd","","net/minecraft/src","0"
"Teleporter","ul","","net/minecraft/src","0"
"TerrainTextureManager","uh","","net/minecraft/src","0"
"Tessellator","ns","","net/minecraft/src","0"
"TextureCompassFX","au","TextureFX","net/minecraft/src","0"
"TexturedQuad","tu","","net/minecraft/src","0"
"TextureFlamesFX","ry","TextureFX","net/minecraft/src","0"
"TextureFX","av","","net/minecraft/src","0"
"TextureLavaFlowFX","ic","TextureFX","net/minecraft/src","0"
"TextureLavaFX","ce","TextureFX","net/minecraft/src","0"
"TexturePackBase","h","","net/minecraft/src","0"
"TexturePackCustom","vh","TexturePackBase","net/minecraft/src","0"
"TexturePackDefault","ow","TexturePackBase","net/minecraft/src","0"
"TexturePackList","ih","","net/minecraft/src","0"
"TexturePortalFX","hq","TextureFX","net/minecraft/src","0"
"TextureWatchFX","kq","TextureFX","net/minecraft/src","0"
"TextureWaterFlowFX","od","TextureFX","net/minecraft/src","0"
"TextureWaterFX","vk","TextureFX","net/minecraft/src","0"
"ThreadCheckHasPaid","kl","","net/minecraft/src","0"
"ThreadCloseConnection","wy","","net/minecraft/src","0"
"ThreadConnectToServer","wq","","net/minecraft/src","0"
"ThreadDownloadImage","te","","net/minecraft/src","0"
"ThreadDownloadImageData","ei","","net/minecraft/src","0"
"ThreadDownloadResources","cx","","net/minecraft/src","0"
"ThreadRunIsoClient","ts","","net/minecraft/src","0"
"ThreadSleepForever","kc","","net/minecraft/src","0"
"ThreadStatSyncherReceive","vc","","net/minecraft/src","0"
"ThreadStatSyncherSend","vb","","net/minecraft/src","0"
"TileEntity","os","","net/minecraft/src","0"
"TileEntityChest","jo","TileEntity","net/minecraft/src","0"
"TileEntityDispenser","ay","TileEntity","net/minecraft/src","0"
"TileEntityFurnace","sf","TileEntity","net/minecraft/src","0"
"TileEntityMobSpawner","cw","TileEntity","net/minecraft/src","0"
"TileEntityMobSpawnerRenderer","af","TileEntitySpecialRenderer","net/minecraft/src","0"
"TileEntityNote","ti","TileEntity","net/minecraft/src","0"
"TileEntityRecordPlayer","ee","TileEntity","net/minecraft/src","0"
"TileEntityRenderer","lh","","net/minecraft/src","0"
"TileEntitySign","yb","TileEntity","net/minecraft/src","0"
"TileEntitySignRenderer","pk","TileEntitySpecialRenderer","net/minecraft/src","0"
"TileEntitySpecialRenderer","jb","","net/minecraft/src","0"
"Timer","pu","","net/minecraft/src","0"
"UnexpectedThrowable","mc","","net/minecraft/src","0"
"Vec3D","br","","net/minecraft/src","0"
"WatchableObject","lw","","net/minecraft/src","0"
"World","fb","","net/minecraft/src","0"
"WorldBlockPositionType","th","","net/minecraft/src","0"
"WorldChunkManager","xm","","net/minecraft/src","0"
"WorldChunkManagerHell","hb","WorldChunkManager","net/minecraft/src","0"
"WorldClient","mi","World","net/minecraft/src","0"
"WorldGenBigTree","ie","WorldGenerator","net/minecraft/src","0"
"WorldGenCactus","fv","WorldGenerator","net/minecraft/src","0"
"WorldGenClay","mo","WorldGenerator","net/minecraft/src","0"
"WorldGenDeadBush","kp","WorldGenerator","net/minecraft/src","0"
"WorldGenDungeons","ep","WorldGenerator","net/minecraft/src","0"
"WorldGenerator","pc","","net/minecraft/src","0"
"WorldGenFire","xj","WorldGenerator","net/minecraft/src","0"
"WorldGenFlowers","bd","WorldGenerator","net/minecraft/src","0"
"WorldGenForest","j","WorldGenerator","net/minecraft/src","0"
"WorldGenGlowStone1","gb","WorldGenerator","net/minecraft/src","0"
"WorldGenGlowStone2","sa","WorldGenerator","net/minecraft/src","0"
"WorldGenHellLava","py","WorldGenerator","net/minecraft/src","0"
"WorldGenLakes","dh","WorldGenerator","net/minecraft/src","0"
"WorldGenLiquids","xf","WorldGenerator","net/minecraft/src","0"
"WorldGenMinable","fj","WorldGenerator","net/minecraft/src","0"
"WorldGenPumpkin","wo","WorldGenerator","net/minecraft/src","0"
"WorldGenReed","io","WorldGenerator","net/minecraft/src","0"
"WorldGenTaiga1","ps","WorldGenerator","net/minecraft/src","0"
"WorldGenTaiga2","wj","WorldGenerator","net/minecraft/src","0"
"WorldGenTallGrass","ao","WorldGenerator","net/minecraft/src","0"
"WorldGenTrees","xy","WorldGenerator","net/minecraft/src","0"
"WorldInfo","eg","","net/minecraft/src","0"
"WorldProvider","wr","","net/minecraft/src","0"
"WorldProviderHell","vv","WorldProvider","net/minecraft/src","0"
"WorldProviderSky","ax","WorldProvider","net/minecraft/src","0"
"WorldProviderSurface","rc","WorldProvider","net/minecraft/src","0"
"WorldRenderer","di","","net/minecraft/src","0"
"MinecraftServer","MinecraftServer","","net/minecraft/server","1"
"Achievement","iq","StatBase","net/minecraft/src","1"
"AchievementList","cw","","net/minecraft/src","1"
"AchievementMap","b","","net/minecraft/src","1"
"AxisAlignedBB","cx","","net/minecraft/src","1"
"BiomeGenBase","gp","","net/minecraft/src","1"
"BiomeGenDesert","du","BiomeGenBase","net/minecraft/src","1"
"BiomeGenForest","kg","BiomeGenBase","net/minecraft/src","1"
"BiomeGenHell","l","BiomeGenBase","net/minecraft/src","1"
"BiomeGenRainforest","ph","BiomeGenBase","net/minecraft/src","1"
"BiomeGenSky","la","BiomeGenBase","net/minecraft/src","1"
"BiomeGenSwamp","lw","BiomeGenBase","net/minecraft/src","1"
"BiomeGenTaiga","f","BiomeGenBase","net/minecraft/src","1"
"Block","mu","","net/minecraft/src","1"
"BlockBed","nc","Block","net/minecraft/src","1"
"BlockBookshelf","ep","Block","net/minecraft/src","1"
"BlockBreakable","gf","Block","net/minecraft/src","1"
"BlockButton","iw","Block","net/minecraft/src","1"
"BlockCactus","jb","Block","net/minecraft/src","1"
"BlockCake","mr","Block","net/minecraft/src","1"
"BlockChest","e","BlockContainer","net/minecraft/src","1"
"BlockClay","lb","Block","net/minecraft/src","1"
"BlockCloth","co","Block","net/minecraft/src","1"
"BlockContainer","kx","Block","net/minecraft/src","1"
"BlockCrops","ig","BlockFlower","net/minecraft/src","1"
"BlockDeadBush","fx","BlockFlower","net/minecraft/src","1"
"BlockDetectorRail","jk","BlockRail","net/minecraft/src","1"
"BlockDirt","jc","Block","net/minecraft/src","1"
"BlockDispenser","os","BlockContainer","net/minecraft/src","1"
"BlockDoor","gz","Block","net/minecraft/src","1"
"BlockFarmland","nh","Block","net/minecraft/src","1"
"BlockFence","gk","Block","net/minecraft/src","1"
"BlockFire","pl","Block","net/minecraft/src","1"
"BlockFlower","nq","Block","net/minecraft/src","1"
"BlockFlowing","iz","BlockFluid","net/minecraft/src","1"
"BlockFluid","kr","Block","net/minecraft/src","1"
"BlockFurnace","lv","BlockContainer","net/minecraft/src","1"
"BlockGlass","dm","BlockBreakable","net/minecraft/src","1"
"BlockGlowStone","ho","Block","net/minecraft/src","1"
"BlockGrass","ob","Block","net/minecraft/src","1"
"BlockGravel","id","BlockSand","net/minecraft/src","1"
"BlockIce","ih","BlockBreakable","net/minecraft/src","1"
"BlockJukeBox","dr","BlockContainer","net/minecraft/src","1"
"BlockLadder","ce","Block","net/minecraft/src","1"
"BlockLeaves","aq","BlockLeavesBase","net/minecraft/src","1"
"BlockLeavesBase","ik","Block","net/minecraft/src","1"
"BlockLever","ov","Block","net/minecraft/src","1"
"BlockLockedChest","gs","Block","net/minecraft/src","1"
"BlockLog","nd","Block","net/minecraft/src","1"
"BlockMobSpawner","bx","BlockContainer","net/minecraft/src","1"
"BlockMushroom","lz","BlockFlower","net/minecraft/src","1"
"BlockNetherrack","pf","Block","net/minecraft/src","1"
"BlockNote","jo","BlockContainer","net/minecraft/src","1"
"BlockObsidian","df","BlockStone","net/minecraft/src","1"
"BlockOre","hz","Block","net/minecraft/src","1"
"BlockOreStorage","i","Block","net/minecraft/src","1"
"BlockPortal","z","BlockBreakable","net/minecraft/src","1"
"BlockPressurePlate","ba","Block","net/minecraft/src","1"
"BlockPumpkin","dg","Block","net/minecraft/src","1"
"BlockRail","jg","Block","net/minecraft/src","1"
"BlockRedstoneOre","ax","Block","net/minecraft/src","1"
"BlockRedstoneRepeater","oa","Block","net/minecraft/src","1"
"BlockRedstoneTorch","bw","BlockTorch","net/minecraft/src","1"
"BlockRedstoneWire","lk","Block","net/minecraft/src","1"
"BlockReed","kk","Block","net/minecraft/src","1"
"BlockSand","eg","Block","net/minecraft/src","1"
"BlockSandStone","kh","Block","net/minecraft/src","1"
"BlockSapling","es","BlockFlower","net/minecraft/src","1"
"BlockSign","mp","BlockContainer","net/minecraft/src","1"
"BlockSnow","gg","Block","net/minecraft/src","1"
"BlockSnowBlock","o","Block","net/minecraft/src","1"
"BlockSoulSand","is","Block","net/minecraft/src","1"
"BlockSponge","on","Block","net/minecraft/src","1"
"BlockStairs","lq","Block","net/minecraft/src","1"
"BlockStationary","ip","BlockFluid","net/minecraft/src","1"
"BlockStep","po","Block","net/minecraft/src","1"
"BlockStone","cv","Block","net/minecraft/src","1"
"BlockTallGrass","kv","BlockFlower","net/minecraft/src","1"
"BlockTNT","s","Block","net/minecraft/src","1"
"BlockTorch","ni","Block","net/minecraft/src","1"
"BlockTrapDoor","ja","Block","net/minecraft/src","1"
"BlockWeb","kq","Block","net/minecraft/src","1"
"BlockWorkbench","dl","Block","net/minecraft/src","1"
"ChatAllowedCharacters","ds","","net/minecraft/src","1"
"Chunk","hf","","net/minecraft/src","1"
"ChunkBlockMap","ng","","net/minecraft/src","1"
"ChunkCache","db","","net/minecraft/src","1"
"ChunkCoordinates","au","","net/minecraft/src","1"
"ChunkCoordIntPair","ps","","net/minecraft/src","1"
"ChunkFile","cl","","net/minecraft/src","1"
"ChunkFilePattern","ks","","net/minecraft/src","1"
"ChunkFolderPattern","bk","","net/minecraft/src","1"
"ChunkLoader","mc","","net/minecraft/src","1"
"ChunkPosition","nt","","net/minecraft/src","1"
"ChunkProvider","iy","","net/minecraft/src","1"
"ChunkProviderGenerate","pc","","net/minecraft/src","1"
"ChunkProviderHell","jx","","net/minecraft/src","1"
"ChunkProviderServer","hb","","net/minecraft/src","1"
"ChunkProviderSky","fz","","net/minecraft/src","1"
"CompressedStreamTools","af","","net/minecraft/src","1"
"ConsoleCommandHandler","ly","","net/minecraft/src","1"
"ConsoleLogFormatter","nz","","net/minecraft/src","1"
"ConsoleLogManager","et","","net/minecraft/src","1"
"Container","cj","","net/minecraft/src","1"
"ContainerChest","bf","Container","net/minecraft/src","1"
"ContainerDispenser","lh","Container","net/minecraft/src","1"
"ContainerFurnace","as","Container","net/minecraft/src","1"
"ContainerPlayer","n","Container","net/minecraft/src","1"
"ContainerWorkbench","fs","Container","net/minecraft/src","1"
"ConvertProgressUpdater","bp","","net/minecraft/src","1"
"CraftingManager","ew","","net/minecraft/src","1"
"DataWatcher","mk","","net/minecraft/src","1"
"Empty1","el","","net/minecraft/src","1"
"Empty2","fh","","net/minecraft/src","1"
"EmptyChunk","hd","Chunk","net/minecraft/src","1"
"Entity","lm","","net/minecraft/src","1"
"EntityAnimal","an","EntityCreature","net/minecraft/src","1"
"EntityArrow","ll","Entity","net/minecraft/src","1"
"EntityBoat","dz","Entity","net/minecraft/src","1"
"EntityChicken","oj","EntityAnimal","net/minecraft/src","1"
"EntityCow","bb","EntityAnimal","net/minecraft/src","1"
"EntityCreature","fn","EntityLiving","net/minecraft/src","1"
"EntityCreeper","ea","EntityMob","net/minecraft/src","1"
"EntityEgg","nn","Entity","net/minecraft/src","1"
"EntityFallingSand","gi","Entity","net/minecraft/src","1"
"EntityFireball","bh","Entity","net/minecraft/src","1"
"EntityFish","hn","Entity","net/minecraft/src","1"
"EntityFlying","oc","EntityLiving","net/minecraft/src","1"
"EntityGhast","aw","EntityFlying","net/minecraft/src","1"
"EntityGiantZombie","im","EntityMob","net/minecraft/src","1"
"EntityItem","ex","Entity","net/minecraft/src","1"
"EntityLightningBolt","c","EntityWeatherEffect","net/minecraft/src","1"
"EntityList","fy","","net/minecraft/src","1"
"EntityLiving","hi","Entity","net/minecraft/src","1"
"EntityMinecart","pj","Entity","net/minecraft/src","1"
"EntityMob","en","EntityCreature","net/minecraft/src","1"
"EntityPainting","kb","Entity","net/minecraft/src","1"
"EntityPig","nv","EntityAnimal","net/minecraft/src","1"
"EntityPigZombie","pa","EntityZombie","net/minecraft/src","1"
"EntityPlayer","ek","EntityLiving","net/minecraft/src","1"
"EntityPlayerMP","dj","EntityPlayer","net/minecraft/src","1"
"EntitySheep","cc","EntityAnimal","net/minecraft/src","1"
"EntitySkeleton","dt","EntityMob","net/minecraft/src","1"
"EntitySlime","mv","EntityLiving","net/minecraft/src","1"
"EntitySnowball","bc","Entity","net/minecraft/src","1"
"EntitySpider","bl","EntityMob","net/minecraft/src","1"
"EntitySquid","ox","EntityWaterMob","net/minecraft/src","1"
"EntityTNTPrimed","kc","Entity","net/minecraft/src","1"
"EntityTracker","ne","","net/minecraft/src","1"
"EntityTrackerEntry","fd","","net/minecraft/src","1"
"EntityWaterMob","ad","EntityCreature","net/minecraft/src","1"
"EntityWeatherEffect","pr","Entity","net/minecraft/src","1"
"EntityWolf","ef","EntityAnimal","net/minecraft/src","1"
"EntityZombie","mx","EntityMob","net/minecraft/src","1"
"EnumArt","fp","","net/minecraft/src","1"
"EnumCreatureType","he","","net/minecraft/src","1"
"EnumMobType","kt","","net/minecraft/src","1"
"EnumMovingObjectType","gb","","net/minecraft/src","1"
"EnumSkyBlock","cm","","net/minecraft/src","1"
"EnumStatus","bu","","net/minecraft/src","1"
"EnumToolMaterial","az","","net/minecraft/src","1"
"Explosion","kd","","net/minecraft/src","1"
"FurnaceRecipes","dc","","net/minecraft/src","1"
"GuiLogFormatter","fg","","net/minecraft/src","1"
"GuiLogOutputHandler","cg","","net/minecraft/src","1"
"GuiStatsComponent","gv","","net/minecraft/src","1"
"GuiStatsListener","hj","","net/minecraft/src","1"
"IAnimals","t","","net/minecraft/src","1"
"IBlockAccess","ot","","net/minecraft/src","1"
"IChunkLoader","am","","net/minecraft/src","1"
"IChunkProvider","bj","","net/minecraft/src","1"
"ICommandListener","lx","","net/minecraft/src","1"
"ICrafting","cn","","net/minecraft/src","1"
"IInventory","hm","","net/minecraft/src","1"
"IMob","di","","net/minecraft/src","1"
"InventoryCrafting","hw","","net/minecraft/src","1"
"InventoryCraftResult","nx","","net/minecraft/src","1"
"InventoryLargeChest","iv","","net/minecraft/src","1"
"InventoryPlayer","fv","","net/minecraft/src","1"
"IPlayerFileData","fj","","net/minecraft/src","1"
"IProgressUpdate","pb","","net/minecraft/src","1"
"IRecipe","ci","","net/minecraft/src","1"
"ISaveFormat","ii","","net/minecraft/src","1"
"ISaveHandler","oe","","net/minecraft/src","1"
"IStatType","nw","","net/minecraft/src","1"
"Item","eh","","net/minecraft/src","1"
"ItemArmor","np","Item","net/minecraft/src","1"
"ItemAxe","lu","ItemTool","net/minecraft/src","1"
"ItemBed","hh","Item","net/minecraft/src","1"
"ItemBlock","bi","Item","net/minecraft/src","1"
"ItemBoat","nb","Item","net/minecraft/src","1"
"ItemBow","kf","Item","net/minecraft/src","1"
"ItemBucket","ak","Item","net/minecraft/src","1"
"ItemCloth","ao","ItemBlock","net/minecraft/src","1"
"ItemCoal","ky","Item","net/minecraft/src","1"
"ItemCookie","jv","ItemFood","net/minecraft/src","1"
"ItemDoor","fe","Item","net/minecraft/src","1"
"ItemDye","gr","Item","net/minecraft/src","1"
"ItemEgg","hu","Item","net/minecraft/src","1"
"ItemFishingRod","bt","Item","net/minecraft/src","1"
"ItemFlintAndSteel","pd","Item","net/minecraft/src","1"
"ItemFood","pp","Item","net/minecraft/src","1"
"ItemHoe","gw","Item","net/minecraft/src","1"
"ItemInWorldManager","pm","","net/minecraft/src","1"
"ItemLog","ei","ItemBlock","net/minecraft/src","1"
"ItemMap","od","ItemMapBase","net/minecraft/src","1"
"ItemMapBase","bm","Item","net/minecraft/src","1"
"ItemMinecart","ko","Item","net/minecraft/src","1"
"ItemPainting","pk","Item","net/minecraft/src","1"
"ItemPickaxe","ag","ItemTool","net/minecraft/src","1"
"ItemRecord","mf","Item","net/minecraft/src","1"
"ItemRedstone","fi","Item","net/minecraft/src","1"
"ItemReed","hk","Item","net/minecraft/src","1"
"ItemSaddle","lc","Item","net/minecraft/src","1"
"ItemSapling","hx","ItemBlock","net/minecraft/src","1"
"ItemSeeds","kn","Item","net/minecraft/src","1"
"ItemSign","mz","Item","net/minecraft/src","1"
"ItemSlab","cu","ItemBlock","net/minecraft/src","1"
"ItemSnowball","cd","Item","net/minecraft/src","1"
"ItemSoup","bd","ItemFood","net/minecraft/src","1"
"ItemSpade","nr","ItemTool","net/minecraft/src","1"
"ItemStack","fw","","net/minecraft/src","1"
"ItemSword","jt","Item","net/minecraft/src","1"
"ItemTool","ch","Item","net/minecraft/src","1"
"IUpdatePlayerListBox","de","","net/minecraft/src","1"
"IWorldAccess","jm","","net/minecraft/src","1"
"MapColor","ck","","net/minecraft/src","1"
"MapCoord","ah","","net/minecraft/src","1"
"MapData","ft","MapDataBase","net/minecraft/src","1"
"MapDataBase","ey","","net/minecraft/src","1"
"MapGenBase","dw","","net/minecraft/src","1"
"MapGenCaves","lp","MapGenBase","net/minecraft/src","1"
"MapGenCavesHell","jl","MapGenBase","net/minecraft/src","1"
"MapInfo","li","","net/minecraft/src","1"
"MapStorage","eq","","net/minecraft/src","1"
"Material","hg","","net/minecraft/src","1"
"MaterialLiquid","lg","Material","net/minecraft/src","1"
"MaterialLogic","ab","Material","net/minecraft/src","1"
"MaterialPortal","jd","Material","net/minecraft/src","1"
"MaterialTransparent","hl","Material","net/minecraft/src","1"
"MathHelper","fo","","net/minecraft/src","1"
"MCHash","gl","","net/minecraft/src","1"
"MCHashEntry","ny","","net/minecraft/src","1"
"McRegionChunkLoader","gy","","net/minecraft/src","1"
"MetadataChunkBlock","lr","","net/minecraft/src","1"
"MinecraftException","mt","","net/minecraft/src","1"
"ModelBed","gc","","net/minecraft/src","1"
"MovingObjectPosition","na","","net/minecraft/src","1"
"NBTBase","fm","","net/minecraft/src","1"
"NBTTagByte","jy","NBTBase","net/minecraft/src","1"
"NBTTagByteArray","ez","NBTBase","net/minecraft/src","1"
"NBTTagCompound","in","NBTBase","net/minecraft/src","1"
"NBTTagDouble","lt","NBTBase","net/minecraft/src","1"
"NBTTagEnd","hc","NBTBase","net/minecraft/src","1"
"NBTTagFloat","j","NBTBase","net/minecraft/src","1"
"NBTTagInt","jn","NBTBase","net/minecraft/src","1"
"NBTTagList","ln","NBTBase","net/minecraft/src","1"
"NBTTagLong","hs","NBTBase","net/minecraft/src","1"
"NBTTagShort","mq","NBTBase","net/minecraft/src","1"
"NBTTagString","om","NBTBase","net/minecraft/src","1"
"NetHandler","ma","","net/minecraft/src","1"
"NetLoginHandler","ec","NetHandler","net/minecraft/src","1"
"NetServerHandler","gx","NetHandler","net/minecraft/src","1"
"NetworkAcceptThread","kz","","net/minecraft/src","1"
"NetworkListenThread","cs","","net/minecraft/src","1"
"NetworkManager","ji","","net/minecraft/src","1"
"NetworkMasterThread","oo","","net/minecraft/src","1"
"NetworkReaderThread","oq","","net/minecraft/src","1"
"NetworkWriterThread","or","","net/minecraft/src","1"
"NextTickListEntry","ke","","net/minecraft/src","1"
"NibbleArray","nu","","net/minecraft/src","1"
"NoiseGenerator","by","","net/minecraft/src","1"
"NoiseGenerator2","bg","","net/minecraft/src","1"
"NoiseGeneratorOctaves","ml","NoiseGenerator","net/minecraft/src","1"
"NoiseGeneratorOctaves2","mm","NoiseGenerator","net/minecraft/src","1"
"NoiseGeneratorPerlin","aa","NoiseGenerator","net/minecraft/src","1"
"Packet","gq","","net/minecraft/src","1"
"Packet0KeepAlive","hp","Packet","net/minecraft/src","1"
"Packet100OpenWindow","fu","Packet","net/minecraft/src","1"
"Packet101CloseWindow","ht","Packet","net/minecraft/src","1"
"Packet102WindowClick","ka","Packet","net/minecraft/src","1"
"Packet103SetSlot","fc","Packet","net/minecraft/src","1"
"Packet104WindowItems","go","Packet","net/minecraft/src","1"
"Packet105UpdateProgressbar","ia","Packet","net/minecraft/src","1"
"Packet106Transaction","ix","Packet","net/minecraft/src","1"
"Packet10Flying","fk","Packet","net/minecraft/src","1"
"Packet11PlayerPosition","u","Packet10Flying","net/minecraft/src","1"
"Packet12PlayerLook","nf","Packet10Flying","net/minecraft/src","1"
"Packet130UpdateSign","mo","Packet","net/minecraft/src","1"
"Packet131MapData","v","Packet","net/minecraft/src","1"
"Packet13PlayerLookMove","da","Packet10Flying","net/minecraft/src","1"
"Packet14BlockDig","gj","Packet","net/minecraft/src","1"
"Packet15Place","em","Packet","net/minecraft/src","1"
"Packet16BlockItemSwitch","fb","Packet","net/minecraft/src","1"
"Packet17Sleep","gn","Packet","net/minecraft/src","1"
"Packet18Animation","ij","Packet","net/minecraft/src","1"
"Packet19EntityAction","mg","Packet","net/minecraft/src","1"
"Packet1Login","ir","Packet","net/minecraft/src","1"
"Packet200Statistic","iu","Packet","net/minecraft/src","1"
"Packet20NamedEntitySpawn","hr","Packet","net/minecraft/src","1"
"Packet21PickupSpawn","ic","Packet","net/minecraft/src","1"
"Packet22Collect","ca","Packet","net/minecraft/src","1"
"Packet23VehicleSpawn","lo","Packet","net/minecraft/src","1"
"Packet24MobSpawn","gd","Packet","net/minecraft/src","1"
"Packet255KickDisconnect","pn","Packet","net/minecraft/src","1"
"Packet25EntityPainting","nm","Packet","net/minecraft/src","1"
"Packet27Position","jw","Packet","net/minecraft/src","1"
"Packet28EntityVelocity","ed","Packet","net/minecraft/src","1"
"Packet29DestroyEntity","kw","Packet","net/minecraft/src","1"
"Packet2Handshake","hv","Packet","net/minecraft/src","1"
"Packet30Entity","mn","Packet","net/minecraft/src","1"
"Packet31RelEntityMove","ls","Packet30Entity","net/minecraft/src","1"
"Packet32EntityLook","ld","Packet30Entity","net/minecraft/src","1"
"Packet33RelEntityMoveLook","jr","Packet30Entity","net/minecraft/src","1"
"Packet34EntityTeleport","kj","Packet","net/minecraft/src","1"
"Packet38EntityStatus","ga","Packet","net/minecraft/src","1"
"Packet39AttachEntity","il","Packet","net/minecraft/src","1"
"Packet3Chat","jh","Packet","net/minecraft/src","1"
"Packet40EntityMetadata","mw","Packet","net/minecraft/src","1"
"Packet4UpdateTime","eu","Packet","net/minecraft/src","1"
"Packet50PreChunk","le","Packet","net/minecraft/src","1"
"Packet51MapChunk","cq","Packet","net/minecraft/src","1"
"Packet52MultiBlockChange","oi","Packet","net/minecraft/src","1"
"Packet53BlockChange","mj","Packet","net/minecraft/src","1"
"Packet54PlayNoteBlock","no","Packet","net/minecraft/src","1"
"Packet5PlayerInventory","k","Packet","net/minecraft/src","1"
"Packet60Explosion","kp","Packet","net/minecraft/src","1"
"Packet61DoorChange","dq","Packet","net/minecraft/src","1"
"Packet6SpawnPosition","ki","Packet","net/minecraft/src","1"
"Packet70Bed","be","Packet","net/minecraft/src","1"
"Packet71Weather","dd","Packet","net/minecraft/src","1"
"Packet7UseEntity","a","Packet","net/minecraft/src","1"
"Packet8UpdateHealth","cz","Packet","net/minecraft/src","1"
"Packet9Respawn","jf","Packet","net/minecraft/src","1"
"PacketCounter","io","","net/minecraft/src","1"
"Path","ha","","net/minecraft/src","1"
"PathEntity","bz","","net/minecraft/src","1"
"Pathfinder","dx","","net/minecraft/src","1"
"PathPoint","d","","net/minecraft/src","1"
"PlayerHash","dv","","net/minecraft/src","1"
"PlayerHashEntry","jz","","net/minecraft/src","1"
"PlayerInstance","x","","net/minecraft/src","1"
"PlayerListBox","h","","net/minecraft/src","1"
"PlayerManager","og","","net/minecraft/src","1"
"PlayerNBTManager","do","","net/minecraft/src","1"
"PropertyManager","ku","","net/minecraft/src","1"
"RailLogic","nj","","net/minecraft/src","1"
"RecipesArmor","m","","net/minecraft/src","1"
"RecipesCrafting","gm","","net/minecraft/src","1"
"RecipesDyes","ie","","net/minecraft/src","1"
"RecipesFood","it","","net/minecraft/src","1"
"RecipesIngots","md","","net/minecraft/src","1"
"RecipeSorter","gu","","net/minecraft/src","1"
"RecipesTools","eo","","net/minecraft/src","1"
"RecipesWeapons","ol","","net/minecraft/src","1"
"RedstoneUpdateInfo","oy","","net/minecraft/src","1"
"RegionFile","ju","","net/minecraft/src","1"
"RegionFileCache","km","","net/minecraft/src","1"
"RegionFileChunkBuffer","ff","","net/minecraft/src","1"
"SaveConverterMcRegion","ev","SaveFormatOld","net/minecraft/src","1"
"SaveFormatOld","me","","net/minecraft/src","1"
"SaveOldDir","ib","PlayerNBTManager","net/minecraft/src","1"
"ServerCommand","ae","","net/minecraft/src","1"
"ServerConfigurationManager","fa","","net/minecraft/src","1"
"ServerGUI","my","","net/minecraft/src","1"
"ServerGuiCommandListener","q","","net/minecraft/src","1"
"ServerGuiFocusAdapter","r","","net/minecraft/src","1"
"ServerWindowAdapter","p","","net/minecraft/src","1"
"ShapedRecipes","fr","","net/minecraft/src","1"
"ShapelessRecipes","mh","","net/minecraft/src","1"
"Slot","ej","","net/minecraft/src","1"
"SlotArmor","jp","Slot","net/minecraft/src","1"
"SlotCrafting","pq","Slot","net/minecraft/src","1"
"SlotFurnace","nk","Slot","net/minecraft/src","1"
"SpawnerAnimals","bn","","net/minecraft/src","1"
"SpawnListEntry","ap","","net/minecraft/src","1"
"StatBase","nl","","net/minecraft/src","1"
"StatBasic","pe","StatBase","net/minecraft/src","1"
"StatCollector","cf","","net/minecraft/src","1"
"StatCrafting","mi","StatBase","net/minecraft/src","1"
"StatList","ge","","net/minecraft/src","1"
"StatTypeDistance","ar","","net/minecraft/src","1"
"StatTypeSimple","av","","net/minecraft/src","1"
"StatTypeTime","at","","net/minecraft/src","1"
"StepSound","bs","","net/minecraft/src","1"
"StepSoundSand","w","StepSound","net/minecraft/src","1"
"StepSoundStone","y","StepSound","net/minecraft/src","1"
"StringTranslate","if","","net/minecraft/src","1"
"Teleporter","ms","","net/minecraft/src","1"
"ThreadCommandReader","bq","","net/minecraft/src","1"
"ThreadLoginVerifier","ct","","net/minecraft/src","1"
"ThreadMonitorConnection","op","","net/minecraft/src","1"
"ThreadServerApplication","bo","","net/minecraft/src","1"
"ThreadSleepForever","br","","net/minecraft/src","1"
"TileEntity","je","","net/minecraft/src","1"
"TileEntityChest","gh","TileEntity","net/minecraft/src","1"
"TileEntityDispenser","aj","TileEntity","net/minecraft/src","1"
"TileEntityFurnace","lj","TileEntity","net/minecraft/src","1"
"TileEntityMobSpawner","bv","TileEntity","net/minecraft/src","1"
"TileEntityNote","mb","TileEntity","net/minecraft/src","1"
"TileEntityRecordPlayer","cp","TileEntity","net/minecraft/src","1"
"TileEntitySign","pi","TileEntity","net/minecraft/src","1"
"Vec3D","ay","","net/minecraft/src","1"
"WatchableObject","hq","","net/minecraft/src","1"
"World","dh","","net/minecraft/src","1"
"WorldChunkManager","oz","","net/minecraft/src","1"
"WorldChunkManagerHell","er","WorldChunkManager","net/minecraft/src","1"
"WorldGenBigTree","fl","WorldGenerator","net/minecraft/src","1"
"WorldGenCactus","dy","WorldGenerator","net/minecraft/src","1"
"WorldGenClay","hy","WorldGenerator","net/minecraft/src","1"
"WorldGenDeadBush","gt","WorldGenerator","net/minecraft/src","1"
"WorldGenDungeons","cy","WorldGenerator","net/minecraft/src","1"
"WorldGenerator","jj","","net/minecraft/src","1"
"WorldGenFire","ow","WorldGenerator","net/minecraft/src","1"
"WorldGenFlowers","al","WorldGenerator","net/minecraft/src","1"
"WorldGenForest","g","WorldGenerator","net/minecraft/src","1"
"WorldGenGlowStone1","eb","WorldGenerator","net/minecraft/src","1"
"WorldGenGlowStone2","lf","WorldGenerator","net/minecraft/src","1"
"WorldGenHellLava","js","WorldGenerator","net/minecraft/src","1"
"WorldGenLakes","cb","WorldGenerator","net/minecraft/src","1"
"WorldGenLiquids","ou","WorldGenerator","net/minecraft/src","1"
"WorldGenMinable","dp","WorldGenerator","net/minecraft/src","1"
"WorldGenPumpkin","oh","WorldGenerator","net/minecraft/src","1"
"WorldGenReed","fq","WorldGenerator","net/minecraft/src","1"
"WorldGenTaiga1","jq","WorldGenerator","net/minecraft/src","1"
"WorldGenTaiga2","of","WorldGenerator","net/minecraft/src","1"
"WorldGenTallGrass","ac","WorldGenerator","net/minecraft/src","1"
"WorldGenTrees","pg","WorldGenerator","net/minecraft/src","1"
"WorldInfo","cr","","net/minecraft/src","1"
"WorldManager","dk","","net/minecraft/src","1"
"WorldProvider","ok","","net/minecraft/src","1"
"WorldProviderHell","ns","WorldProvider","net/minecraft/src","1"
"WorldProviderSky","ai","WorldProvider","net/minecraft/src","1"
"WorldProviderSurface","kl","WorldProvider","net/minecraft/src","1"
"WorldServer","dn","World","net/minecraft/src","1"
"WorldServerMulti","ee","WorldServer","net/minecraft/src","1"
